case,b,n,s,initial_time_hour,initial_time_day,initial_u_max_300_ms,initial_jet_latitude_300_degN,initial_max_abs_dtheta850_dy_K_per_1000km,initial_max_abs_dtheta850_dy_latitude_degN,day8_time_hour,day8_time_day,day8_u_max_300_ms,day8_jet_latitude_300_degN,day8_max_abs_dtheta850_dy_K_per_1000km,day8_max_abs_dtheta850_dy_latitude_degN,day15_time_hour,day15_time_day,day15_u_max_300_ms,day15_jet_latitude_300_degN,day15_max_abs_dtheta850_dy_K_per_1000km,day15_max_abs_dtheta850_dy_latitude_degN,day8_delta_u_max_300_ms,day8_delta_jet_latitude_300_deg,day8_delta_max_abs_dtheta850_dy_K_per_1000km,day15_delta_u_max_300_ms,day15_delta_jet_latitude_300_deg,day15_delta_max_abs_dtheta850_dy_K_per_1000km,analysis_max_abs_u_max_300_change_ms,analysis_max_abs_jet_latitude_300_change_deg,fixed_b_n_group,day15_jet_latitude_strict_s_order_retained,fixed_n_s_group,day15_u_max_300_strict_b_order_retained
BCwave_b1n1s-10,1.0,1,-10,1.0,0.0416666666666666,9.922582658131915,34.5,10.163475127099872,44.5,192.0,8.0,9.88859530289968,34.5,10.172064723839702,44.5,360.0,15.0,10.203279425038232,35.5,10.902764240615804,55.5,-0.03398735523223628,0.0,0.00858959673982973,0.28069676690631695,1.0,0.7392891135159321,0.28069676690631695,1.0,"b=1, n=1",True,"n=1, s=-10",True
BCwave_b1n1s-5,1.0,1,-5,1.0,0.0416666666666666,9.923443407482573,39.5,11.45500531162186,48.5,192.0,8.0,9.888896142111884,39.5,11.469840145356992,48.5,360.0,15.0,9.962043444977866,40.5,11.769097806474306,62.5,-0.03454726537068886,0.0,0.01483483373513117,0.03860003749529284,1.0,0.3140924948524457,0.10889488392405866,1.0,"b=1, n=1",True,"n=1, s=-5",True
BCwave_b1n1,1.0,1,0,1.0,0.0416666666666666,9.924017506175572,44.5,12.657234996096705,53.5,192.0,8.0,9.876799366209244,44.5,12.695633620134943,53.5,360.0,15.0,10.41718223552323,49.5,13.409450632119976,68.5,-0.0472181399663274,0.0,0.03839862403823879,0.493164729347658,5.0,0.752215636023271,0.493164729347658,5.0,"b=1, n=1",True,"n=1, s=0",True
BCwave_b1n1s5,1.0,1,5,1.0,0.0416666666666666,9.925054364734226,49.5,13.71815820731142,54.5,192.0,8.0,9.873058989312913,49.5,13.619714664331058,58.5,360.0,15.0,11.07164653937022,52.5,12.894273685022837,53.5,-0.05199537542131338,0.0,-0.09844354298036251,1.1465921746359946,3.0,-0.8238845222885836,1.1465921746359946,4.0,"b=1, n=1",True,"n=1, s=5",True
BCwave_b1n1s10,1.0,1,10,1.0,0.0416666666666666,9.925867001215616,54.5,14.70815165845532,60.5,192.0,8.0,9.861691064304775,54.5,14.34188088733526,64.5,360.0,15.0,10.887060406472948,58.5,13.960311481791026,57.5,-0.064175936910841,0.0,-0.36627077112006035,0.9611934052573314,4.0,-0.7478401766642939,0.9611934052573314,5.0,"b=1, n=1",True,"n=1, s=10",True
BCwave_b1n3s-10,1.0,3,-10,1.0,0.0416666666666666,9.907719747225444,34.5,9.261487207743109,38.5,192.0,8.0,9.877740115589566,34.5,9.25159106270122,38.5,360.0,15.0,10.031446668836804,34.5,8.035660190771612,33.5,-0.02997963163587869,0.0,-0.00989614504188907,0.12372692161135923,0.0,-1.2258270169714969,0.12372692161135923,0.0,"b=1, n=3",True,"n=3, s=-10",True
BCwave_b1n3s-5,1.0,3,-5,1.0,0.0416666666666666,9.909568595886231,39.5,10.580531973797964,43.5,192.0,8.0,9.880317870775858,39.5,10.541523201285877,44.5,360.0,15.0,10.134220688872867,39.5,8.81497552333876,36.5,-0.029250725110372855,0.0,-0.03900877251208712,0.22465209298663602,0.0,-1.7655564504592043,0.22465209298663602,0.0,"b=1, n=3",True,"n=3, s=-5",True
BCwave_b1n3,1.0,3,0,1.0,0.0416666666666666,9.91044041050805,44.5,11.98871392136115,48.5,192.0,8.0,9.86814787917667,44.5,11.77342215391954,48.5,360.0,15.0,9.922772102223504,45.5,9.817537314280164,46.5,-0.042292531331380445,0.0,-0.2152917674416095,0.01233169171545434,1.0,-2.1711766070809855,0.10623479684193704,1.0,"b=1, n=3",True,"n=3, s=0",True
BCwave_b1n3s5,1.0,3,5,1.0,0.0416666666666666,9.912292128139072,49.5,13.254177029727986,52.5,192.0,8.0,9.871706239382426,49.5,12.789683135756324,53.5,360.0,15.0,9.79355569127947,52.5,10.556172355020989,51.5,-0.04058588875664526,0.0,-0.4644938939716621,-0.11873643685960111,3.0,-2.698004674706997,0.22856818690068081,3.0,"b=1, n=3",True,"n=3, s=5",True
BCwave_b1n3s10,1.0,3,10,1.0,0.0416666666666666,9.91251691977183,54.5,14.317131140901976,56.5,192.0,8.0,9.864657486809625,54.5,13.60638523618886,55.5,360.0,15.0,10.4337607966529,59.5,11.142494291265049,51.5,-0.04785943296220552,0.0,-0.7107459047131162,0.5212438768810692,5.0,-3.1746368496369275,0.5212438768810692,5.0,"b=1, n=3",True,"n=3, s=10",True
BCwave_b1n6s-10,1.0,6,-10,1.0,0.0416666666666666,9.885473457972209,34.5,9.071944664241398,36.5,192.0,8.0,9.856684843699137,34.5,9.058653570034403,36.5,360.0,15.0,9.856200965245565,34.5,7.964155421668002,33.5,-0.028788614273072,0.0,-0.013291094206994813,-0.029272492726644117,0.0,-1.1077892425733964,0.048567091094122716,0.0,"b=1, n=6",True,"n=6, s=-10",True
BCwave_b1n6s-5,1.0,6,-5,1.0,0.0416666666666666,9.888833906915451,39.5,10.355607207809076,41.5,192.0,8.0,9.863916391796536,39.5,10.294005372048176,41.5,360.0,15.0,9.83614497449663,39.5,8.396760672337976,37.5,-0.024917515118914935,0.0,-0.06160183576090006,-0.05268893241882111,0.0,-1.9588465354710998,0.059490640958149044,0.0,"b=1, n=6",True,"n=6, s=-5",True
BCwave_b1n6,1.0,6,0,1.0,0.0416666666666666,9.890112800068325,44.5,11.662061671915144,46.5,192.0,8.0,9.852488146887886,44.5,11.479888028893912,46.5,360.0,15.0,9.719991429646807,44.5,9.132198023957928,43.5,-0.03762465318043873,0.0,-0.1821736430212315,-0.17012137042151743,0.0,-2.5298636479572156,0.17012137042151743,0.0,"b=1, n=6",True,"n=6, s=0",True
BCwave_b1n6s5,1.0,6,5,1.0,0.0416666666666666,9.893147055308024,49.5,13.027278066059418,51.5,192.0,8.0,9.85901398923662,49.5,12.558994303524685,51.5,360.0,15.0,9.561280403369002,50.5,10.12151304430548,50.5,-0.034133066071403206,0.0,-0.4682837625347336,-0.33186665193902165,1.0,-2.905765021753938,0.33186665193902165,1.0,"b=1, n=6",True,"n=6, s=5",True
BCwave_b1n6s10,1.0,6,10,1.0,0.0416666666666666,9.892463790045843,54.5,14.16680660931008,56.5,192.0,8.0,9.853094625473023,54.5,13.465723252219664,54.5,360.0,15.0,9.614498143146436,56.5,10.638590316393737,52.5,-0.039369164572820026,0.0,-0.7010833570904165,-0.27796564689940695,2.0,-3.528216292916344,0.38019744008779455,2.0,"b=1, n=6",True,"n=6, s=10",True
BCwave_b15n1s-10,1.5,1,-10,1.0,0.0416666666666666,22.179176478915743,34.5,10.670313644597655,44.5,192.0,8.0,22.08589049445258,35.5,10.638983638544628,44.5,360.0,15.0,22.32698130077786,37.5,10.618655471986584,56.5,-0.0932859844631615,1.0,-0.03133000605302705,0.14780482186211685,3.0,-0.05165817261107186,0.16954815652635702,3.0,"b=1.5, n=1",True,"n=1, s=-10",True
BCwave_b15n1s-5,1.5,1,-5,1.0,0.0416666666666666,22.18011145061917,39.5,12.010765917082594,48.5,192.0,8.0,22.10429884062873,39.5,11.864783502312394,48.5,360.0,15.0,21.855496477391476,46.5,10.328410678147293,63.5,-0.07581260999043948,0.0,-0.14598241477020046,-0.3246149732276926,7.0,-1.6823552389353011,0.5936972952551294,7.0,"b=1.5, n=1",True,"n=1, s=-5",True
BCwave_b15n1,1.5,1,0,1.0,0.0416666666666666,22.18027252621121,44.5,13.255573822503614,53.5,192.0,8.0,22.087751065360177,44.5,12.910677015619438,53.5,360.0,15.0,23.479501170582243,51.5,12.398488518245223,45.5,-0.09252146085103163,0.0,-0.3448968068841758,1.2992286443710341,7.0,-0.8570853042583906,1.2992286443710341,8.0,"b=1.5, n=1",True,"n=1, s=0",True
BCwave_b15n1s5,1.5,1,5,1.0,0.0416666666666666,22.180669434865315,49.5,14.364315823099444,54.5,192.0,8.0,22.059632560941907,49.5,13.674103131568367,61.5,360.0,15.0,24.280071115493776,55.5,13.365793670269689,57.5,-0.12103687392340845,0.0,-0.6902126915310767,2.0994016806284606,6.0,-0.9985221528297554,2.0994016806284606,7.0,"b=1.5, n=1",True,"n=1, s=5",True
BCwave_b15n1s10,1.5,1,10,1.0,0.0416666666666666,22.179973930782744,54.5,15.3928813992712,60.5,192.0,8.0,22.001852782567344,54.5,14.355945448553395,56.5,360.0,15.0,22.727266579204134,59.5,17.49690972929611,50.5,-0.17812114821539993,0.0,-1.0369359507178046,0.54729264842139,5.0,2.10402833002491,1.2820376687579653,7.0,"b=1.5, n=1",True,"n=1, s=10",True
BCwave_b15n3s-10,1.5,3,-10,1.0,0.0416666666666666,22.145833089616563,34.5,9.73706120632788,38.5,192.0,8.0,22.05543422169156,35.5,9.707411105136767,38.5,360.0,15.0,22.398613092634413,35.5,8.523582109024693,33.5,-0.0903988679250034,1.0,-0.029650101191112554,0.2527800030178504,1.0,-1.2134790973031873,0.2527800030178504,1.0,"b=1.5, n=3",True,"n=3, s=-10",True
BCwave_b15n3s-5,1.5,3,-5,1.0,0.0416666666666666,22.14901271396213,39.5,11.110355678759822,43.5,192.0,8.0,22.075864532258777,39.5,10.957066656154362,44.5,360.0,15.0,22.55869250827365,40.5,9.16049126355612,35.5,-0.07314818170335258,0.0,-0.15328902260545973,0.409679794311522,1.0,-1.9498644152037024,0.43540845447116183,1.0,"b=1.5, n=3",True,"n=3, s=-5",True
BCwave_b15n3,1.5,3,0,1.0,0.0416666666666666,22.14980999098884,44.5,12.568938365986604,48.5,192.0,8.0,22.068704801135592,44.5,12.104079501004064,48.5,360.0,15.0,22.101431257194943,46.5,9.786154998377324,43.5,-0.08110518985324688,0.0,-0.46485886498254025,-0.048378733793896345,2.0,-2.78278336760928,0.2402417500813776,2.0,"b=1.5, n=3",True,"n=3, s=0",True
BCwave_b15n3s5,1.5,3,5,1.0,0.0416666666666666,22.151982932620577,49.5,13.88198227388472,52.5,192.0,8.0,22.06281301180521,49.5,12.943887780384433,50.5,360.0,15.0,23.61324118508233,53.5,11.775557673577566,62.5,-0.08916992081536534,0.0,-0.9380944935002873,1.4612582524617537,4.0,-2.106424600307154,1.4612582524617537,4.0,"b=1.5, n=3",True,"n=3, s=5",True
BCwave_b15n3s10,1.5,3,10,1.0,0.0416666666666666,22.14993495941162,54.5,14.98652830578826,56.5,192.0,8.0,22.031489510006374,54.5,13.923306256377566,53.5,360.0,15.0,24.61600607766045,58.5,11.82242689943126,49.5,-0.1184454494052467,0.0,-1.0632220494106939,2.4660711182488306,4.0,-3.164101406357,2.5629010889265267,4.0,"b=1.5, n=3",True,"n=3, s=10",True
BCwave_b15n6s-10,1.5,6,-10,1.0,0.0416666666666666,22.095935810936822,34.5,9.540069500668398,36.5,192.0,8.0,22.00393919414944,35.5,9.512178767392747,36.5,360.0,15.0,22.04039436446296,35.5,8.219459032934559,33.5,-0.0919966167873838,1.0,-0.02789073327565106,-0.05554144647386394,1.0,-1.3206104677338395,0.1194856060875793,1.0,"b=1.5, n=6",True,"n=6, s=-10",True
BCwave_b15n6s-5,1.5,6,-5,1.0,0.0416666666666666,22.10244459046258,39.5,10.878931713452022,41.5,192.0,8.0,22.03507907655504,39.5,10.750277036161496,41.5,360.0,15.0,22.12648319138421,40.5,8.581748265814237,36.5,-0.06736551390753931,0.0,-0.12865467729052682,0.02403860092163157,1.0,-2.297183447637785,0.12347919676038899,1.0,"b=1.5, n=6",True,"n=6, s=-5",True
BCwave_b15n6,1.5,6,0,1.0,0.0416666666666666,22.104212888081868,44.5,12.232379988702654,46.5,192.0,8.0,22.029084168540106,44.5,11.84963401085616,45.5,360.0,15.0,21.77364228831397,45.5,9.172310893675604,41.5,-0.07512871954176248,0.0,-0.38274597784649345,-0.33057059976789915,1.0,-3.0600690950270497,0.33057059976789915,1.0,"b=1.5, n=6",True,"n=6, s=0",True
BCwave_b15n6s5,1.5,6,5,1.0,0.0416666666666666,22.10898715655009,49.5,13.646819551928246,51.5,192.0,8.0,22.02375829484728,49.5,12.781818689297031,49.5,360.0,15.0,21.544247726599377,51.5,10.02741640988825,47.5,-0.08522886170280941,0.0,-0.8650008626312147,-0.5647394299507127,2.0,-3.619403142039996,0.5647394299507127,2.0,"b=1.5, n=6",True,"n=6, s=5",True
BCwave_b15n6s10,1.5,6,10,1.0,0.0416666666666666,22.104908265007868,54.5,14.828556553372117,56.5,192.0,8.0,21.998429033491348,54.5,13.668359629885217,53.5,360.0,15.0,23.104014733102588,57.5,10.193743762313597,53.5,-0.10647923151651995,0.0,-1.1601969234869003,0.9991064680947197,3.0,-4.63481279105852,0.9991064680947197,3.0,"b=1.5, n=6",True,"n=6, s=10",True
BCwave_b2n1s-10,2.0,1,-10,1.0,0.0416666666666666,29.361481051974827,34.5,10.85075347566052,44.5,192.0,8.0,29.295744519763524,35.5,10.782409259677992,44.5,360.0,15.0,29.0386566374037,37.5,11.545511733389995,59.5,-0.06573653221130371,1.0,-0.0683442159825276,-0.32282441457112654,3.0,0.6947582577294753,0.32282441457112654,3.0,"b=2, n=1",True,"n=1, s=-10",True
BCwave_b2n1s-5,2.0,1,-5,1.0,0.0416666666666666,29.36345282130771,39.5,12.208833368808088,48.5,192.0,8.0,29.32728347248501,40.5,11.946836093362604,48.5,360.0,15.0,28.819504254394108,48.5,12.996546828092931,63.5,-0.03616934882269973,1.0,-0.26199727544548423,-0.5439485669136026,9.0,0.7877134592848432,1.3482263233926588,9.0,"b=2, n=1",True,"n=1, s=-5",True
BCwave_b2n1,2.0,1,0,1.0,0.0416666666666666,29.364461141162447,44.5,13.468680954932402,53.5,192.0,8.0,29.313550228542752,44.5,12.797643417054816,48.5,360.0,15.0,31.96758881409963,53.5,11.823733248077488,69.5,-0.05091091261969538,0.0,-0.6710375378775861,2.603127672937184,9.0,-1.6449477068549143,2.7179703765445318,11.0,"b=2, n=1",True,"n=1, s=0",True
BCwave_b2n1s5,2.0,1,5,1.0,0.0416666666666666,29.365547704696656,49.5,14.593959256964254,54.5,192.0,8.0,29.25728406906128,49.5,13.702630567554102,53.5,360.0,15.0,33.00466283692254,58.5,14.912050859778368,56.5,-0.10826363563537456,0.0,-0.8913286894101518,3.6391151322258857,9.0,0.3180916028141141,3.8594791359371605,10.0,"b=2, n=1",True,"n=1, s=5",True
BCwave_b2n1s10,2.0,1,10,1.0,0.0416666666666666,29.365023851394653,54.5,15.635222949277916,60.5,192.0,8.0,29.114788887235854,54.5,14.784669987220324,53.5,360.0,15.0,30.454770618014862,60.5,18.00243111672829,48.5,-0.25023496415879976,0.0,-0.8505529620575913,1.089746766620209,6.0,2.3672081674503733,4.253516287273833,11.0,"b=2, n=1",True,"n=1, s=10",True
BCwave_b2n3s-10,2.0,3,-10,1.0,0.0416666666666666,29.317285548316107,34.5,9.906461662583876,38.5,192.0,8.0,29.24885910352071,35.5,9.869220244224357,38.5,360.0,15.0,29.5771581225925,35.5,8.691465579645056,32.5,-0.06842644479539572,1.0,-0.03724141835951933,0.2598725742763932,1.0,-1.2149960829388196,0.2598725742763932,1.0,"b=2, n=3",True,"n=3, s=-10",True
BCwave_b2n3s-5,2.0,3,-5,1.0,0.0416666666666666,29.322233486175534,39.5,11.298201546302948,43.5,192.0,8.0,29.28415037261115,40.5,11.098647456640352,43.5,360.0,15.0,29.669068490134347,40.5,9.48464262302091,35.5,-0.0380831135643831,1.0,-0.19955408966259647,0.3468350039588124,1.0,-1.813558923282038,0.38842276467217474,1.0,"b=2, n=3",True,"n=3, s=-5",True
BCwave_b2n3,2.0,3,0,1.0,0.0416666666666666,29.32404458787706,44.5,12.775743958451944,48.5,192.0,8.0,29.28764180607266,44.5,12.172176942276767,47.5,360.0,15.0,29.132655350367227,47.5,10.950576241696307,62.5,-0.036402781804401485,0.0,-0.6035670161751767,-0.19138923750983494,3.0,-1.8251677167556366,0.20442760785420688,3.0,"b=2, n=3",True,"n=3, s=0",True
BCwave_b2n3s5,2.0,3,5,1.0,0.0416666666666666,29.327495341830783,49.5,14.105095362108337,52.5,192.0,8.0,29.280533642239043,49.5,13.075053330451146,49.5,360.0,15.0,31.79619147512648,54.5,10.933613075915853,62.5,-0.04696169959174057,0.0,-1.0300420316571905,2.4686961332956976,5.0,-3.171482286192484,2.4686961332956976,5.0,"b=2, n=3",True,"n=3, s=5",True
BCwave_b2n3s10,2.0,3,10,1.0,0.0416666666666666,29.325172408421835,54.5,15.224253012435751,56.5,192.0,8.0,29.22846183776856,54.5,14.144798537889898,53.5,360.0,15.0,32.3906226740943,59.5,12.069849093485594,54.5,-0.0967105706532756,0.0,-1.0794544745458534,3.0654502656724674,5.0,-3.154403918950157,3.5569577111138244,5.0,"b=2, n=3",True,"n=3, s=10",True
BCwave_b2n6s-10,2.0,6,-10,1.0,0.0416666666666666,29.25117245250278,34.5,9.706349334985584,36.5,192.0,8.0,29.177213027742173,35.5,9.67324119336083,36.5,360.0,15.0,29.173338842391967,35.5,8.278537217940073,33.5,-0.07395942476060569,1.0,-0.03310814162475317,-0.07783361011081169,1.0,-1.4278121170455105,0.09021502600775477,1.0,"b=2, n=6",True,"n=6, s=-10",True
BCwave_b2n6s-5,2.0,6,-5,1.0,0.0416666666666666,29.261147832870485,40.5,11.064090611702902,41.5,192.0,8.0,29.22542493608263,39.5,10.907140298942924,41.5,360.0,15.0,29.10228269894918,40.5,8.522761523217488,36.5,-0.03572289678785623,-1.0,-0.15695031275997806,-0.15886513392130652,0.0,-2.541329088485414,0.15886513392130652,1.0,"b=2, n=6",True,"n=6, s=-5",True
BCwave_b2n6,2.0,6,0,1.0,0.0416666666666666,29.26358059247335,44.5,12.435933984949804,46.5,192.0,8.0,29.225537151760527,44.5,11.97604136117655,45.5,360.0,15.0,28.18740282588535,45.5,8.587818604228895,41.5,-0.03804344071282273,0.0,-0.45989262377325346,-1.0761777665879997,1.0,-3.848115380720909,1.0761777665879997,1.0,"b=2, n=6",True,"n=6, s=0",True
BCwave_b2n6s5,2.0,6,5,1.0,0.0416666666666666,29.27047979036967,49.5,13.868295062343696,51.5,192.0,8.0,29.21987090110779,49.5,12.870180806546497,49.5,360.0,15.0,28.28591197861565,52.5,8.99729291861857,46.5,-0.05060888926188056,0.0,-0.9981142557971996,-0.9845678117540189,3.0,-4.871002143725127,1.2254289468129471,3.0,"b=2, n=6",True,"n=6, s=5",True
BCwave_b2n6s10,2.0,6,10,1.0,0.0416666666666666,29.26547858450148,54.5,15.06338584995122,56.5,192.0,8.0,29.1747628847758,54.5,13.732809357605916,53.5,360.0,15.0,31.334823693169486,58.5,10.268402096581418,67.5,-0.09071569972568128,0.0,-1.3305764923453047,2.0693451086680064,4.0,-4.794983753369802,2.0693451086680064,4.0,"b=2, n=6",True,"n=6, s=10",True
