case,b,n,s,mode,threshold_hpa,time_index,time_hour,target_id,n_source_ids,source_ids,source_1_id,source_2_id,source_1_overlap_pixels,source_2_overlap_pixels,child_area_km2,child_equivalent_radius_km,child_centroid_lat,child_centroid_lon,child_meridional_extent_km,child_zonal_extent_km,child_minimum_hpa,child_mean_hpa,child_touches_south_boundary,child_touches_north_boundary,child_touches_longitude_seam,parent_1_area_km2,parent_1_equivalent_radius_km,parent_1_centroid_lat,parent_1_centroid_lon,parent_1_meridional_extent_km,parent_1_zonal_extent_km,parent_1_minimum_hpa,parent_1_mean_hpa,parent_1_touches_south_boundary,parent_1_touches_north_boundary,parent_1_touches_longitude_seam,parent_2_area_km2,parent_2_equivalent_radius_km,parent_2_centroid_lat,parent_2_centroid_lon,parent_2_meridional_extent_km,parent_2_zonal_extent_km,parent_2_minimum_hpa,parent_2_mean_hpa,parent_2_touches_south_boundary,parent_2_touches_north_boundary,parent_2_touches_longitude_seam,full_event_index,partition,matched_eddy_event,track_target_distance_deg,primary_track_id,secondary_track_id,primary_first_time_index,secondary_first_time_index,primary_marker_lat,primary_marker_lon,secondary_marker_lat,secondary_marker_lon,track_target_lat,track_target_lon,selection_rule,available_minus24,available_plus24,available_plus48,atlas_event_id,page,row_on_page,hemisphere
BCwave_b1n1s-10,1.0,1,-10,full,990.0,336,337,1.0,2.0,1;2,1.0,2.0,219.0,75.0,2504154.100491621,892.8028935404279,47.94588388864242,94.31417249316851,1334.34,3053.7617021187266,973.1395874023438,982.8225708007812,False,False,False,1783151.4209536235,753.3888277989079,49.0169586159646,99.8892939266094,1223.145,1750.2153984680365,973.1715698242188,981.6162109375,False,False,False,662721.8110657248,459.2939192410961,45.09661889357047,78.3604626538996,555.9749999999999,1412.8926683943596,980.5792846679688,986.033935546875,False,False,False,0,full_field_only_zonalization_signature,False,0.0,1,2,246,284,49.016958615964604,99.8892939266094,45.09661889357047,78.3604626538996,47.94588388864242,94.31417249316851,first NH primary-track coalescence; exact 2-to-1 only,True,False,False,1,1,1,NH
BCwave_b15n1s-10,1.5,1,-10,full,990.0,316,317,1.0,2.0,1;3,1.0,3.0,356.0,149.0,3988024.499226159,1126.6887877523443,50.94641355183205,106.79750284356116,1667.925,3432.8454553203587,960.8211059570312,977.995361328125,False,False,False,2711367.555077765,929.0075876219884,52.01197845097387,114.75633858511078,1667.925,1984.7645680795777,961.0147705078124,976.0836181640624,False,False,False,1228436.5271330858,625.3187116469038,48.37881222448723,88.85748175609946,889.56,1477.1203852522794,972.7251586914062,982.707275390625,False,False,False,0,full_field_only_zonalization_signature,False,7.105427357601002e-15,1,2,228,260,52.01197845097387,114.75633858511078,48.378812224487206,88.85748175609946,50.94641355183206,106.79750284356116,first NH primary-track coalescence; exact 2-to-1 only,True,True,False,2,1,2,NH
BCwave_b2n1s-10,2.0,1,-10,full,990.0,310,311,1.0,2.0,1;3,1.0,3.0,465.0,193.0,5015041.5191538185,1263.46242333076,52.90789911624095,116.79438321643414,1890.315,3688.38165449176,951.7003173828124,974.6688842773438,False,False,False,3343957.6117881835,1031.704786657364,53.98451689904223,125.76987382892978,1890.315,2157.6419160311266,952.008544921875,971.9884643554688,False,False,False,1544647.2263655534,701.1964652068116,50.42030359876775,96.28293156784486,1111.9499999999998,1558.6558924756598,967.714111328125,980.6513061523438,False,False,False,0,full_field_only_zonalization_signature,False,0.0,1,2,220,253,53.98451689904224,125.76987382892978,50.42030359876772,96.28293156784488,52.90789911624095,116.79438321643414,first NH primary-track coalescence; exact 2-to-1 only,True,True,True,3,1,3,NH
BCwave_b1n1s-5,1.0,1,-5,full,990.0,311,312,1.0,2.0,1;3,1.0,3.0,262.0,116.0,2861918.71463,954.451161831309,53.12198218070128,95.74544474380448,1445.535,3002.8322929031497,968.7601318359376,980.5823364257812,False,False,False,1882081.395354624,774.0058880550977,54.46298616839165,103.0761719025702,1334.34,1680.3730424396103,968.9140014648438,979.2880859375,False,False,False,943793.9008326508,548.1048523366645,50.4081672693559,80.26888543206306,667.17,1488.1890848415867,975.3482666015624,983.6157836914062,False,False,False,0,local_wave_scale_coalescence,True,0.0,1,2,225,259,54.46298616839167,103.0761719025702,50.40816726935591,80.26888543206306,53.12198218070128,95.74544474380448,first NH primary-track coalescence; exact 2-to-1 only,True,True,True,4,1,4,NH
BCwave_b15n1s-5,1.5,1,-5,full,990.0,284,285,2.0,2.0,2;3,2.0,3.0,394.0,183.0,4164434.9726601634,1151.338708707066,55.67160037277445,108.26651522644276,1890.315,3323.460521454921,955.8696899414062,975.7634887695312,False,False,False,2624281.730306255,913.9665305075374,56.94865192268282,117.46660073657918,1667.925,1879.98534409902,956.1318969726562,973.3648071289062,False,False,False,1392387.3272991683,665.7406790007283,52.989203123324266,89.8347689769784,1111.9499999999998,1405.6466483178488,966.8699340820312,980.1703491210938,False,False,False,0,local_wave_scale_coalescence,True,7.105427357601002e-15,1,2,205,233,56.948651922682814,117.46660073657918,52.989203123324245,89.8347689769784,55.67160037277444,108.26651522644276,first NH primary-track coalescence; exact 2-to-1 only,True,True,True,5,1,5,NH
BCwave_b15n3s-5,1.5,3,-5,full,990.0,328,329,2.0,2.0,2;3,2.0,3.0,356.0,116.0,3760053.568041543,1094.0119849838295,50.71617778045633,112.4140059328663,1779.12,3449.819884178998,967.2913208007812,980.47998046875,False,False,False,2709895.21324843,928.7553159466204,51.666603995219226,119.21052859682403,1779.12,2000.0482448870696,967.3881225585938,979.1400756835938,False,False,False,990109.4016828012,561.3925640397756,48.03210127453206,92.86461210794462,778.365,1412.7957017114682,976.4129028320312,984.2843627929688,False,False,False,0,full_field_only_zonalization_signature,False,2.131628207280301e-14,1,2,216,245,51.666603995219226,119.21052859682403,48.03210127453207,92.86461210794462,50.71617778045635,112.4140059328663,first NH primary-track coalescence; exact 2-to-1 only,True,True,False,6,1,6,NH
BCwave_b15n6s-5,1.5,6,-5,full,990.0,356,357,1.0,2.0,1;2,1.0,2.0,287.0,75.0,2971405.0180036863,972.536679558513,49.575579602091466,112.28484446416697,1445.535,3172.5662114650763,974.2134399414062,983.196044921875,False,False,False,2263212.932880664,848.7656043189588,50.400473169753,117.48534295737448,1445.535,1984.5742835378744,974.189697265625,982.2757568359376,False,False,False,659650.9620795569,458.2285703233396,46.76932073545343,93.5430571364017,667.17,1142.424107938954,982.1557006835938,986.359375,False,False,False,0,full_field_only_zonalization_signature,False,0.0,1,2,227,263,50.40047316975299,117.48534295737448,46.76932073545346,93.5430571364017,49.575579602091466,112.28484446416697,first NH primary-track coalescence; exact 2-to-1 only,True,False,False,7,1,7,NH
BCwave_b2n1s-5,2.0,1,-5,full,990.0,273,274,1.0,2.0,1;3,1.0,3.0,504.0,229.0,5042855.934924708,1266.9612853939686,57.15378053826861,118.37834603860142,2112.705,3618.63736821237,946.310791015625,972.6121826171876,False,False,False,3253982.679615956,1017.7302473605572,58.14268004424008,128.85324322178778,2112.705,2054.127741284356,946.6546630859376,969.9287719726562,False,False,False,1650838.5387527146,724.8987704350118,54.90647662847819,96.6074192041952,1334.34,1470.3307752514104,961.1500854492188,978.3363647460938,False,False,False,0,full_field_only_zonalization_signature,False,7.105427357601002e-15,1,2,195,223,58.1426800442401,128.85324322178775,54.906476628478174,96.6074192041952,57.153780538268606,118.37834603860142,first NH primary-track coalescence; exact 2-to-1 only,True,True,True,8,1,8,NH
BCwave_b2n3s-5,2.0,3,-5,full,990.0,320,321,1.0,2.0,1;2,1.0,2.0,441.0,181.0,4821709.134237941,1238.869519251573,51.82339170319907,119.08130849464116,2001.51,3711.324985219365,960.2937622070312,977.8824462890624,False,False,False,3296860.264483883,1024.413595942443,52.660015472306206,127.92642261502624,2001.51,2158.2269274871337,960.4347534179688,976.105712890625,False,False,False,1472952.3306251331,684.7300845701432,49.71943457703323,98.4682420194638,1111.9499999999998,1581.602435515645,971.2199096679688,982.1846923828124,False,False,False,0,full_field_only_zonalization_signature,False,1.4210854715202004e-14,1,2,209,237,52.6600154723062,127.92642261502624,49.71943457703323,98.4682420194638,51.82339170319906,119.08130849464116,first NH primary-track coalescence; exact 2-to-1 only,True,True,False,9,2,1,NH
BCwave_b2n6s-5,2.0,6,-5,full,990.0,349,350,1.0,2.0,1;2,1.0,2.0,361.0,115.0,3834185.9873795146,1104.7439998706752,50.32380129409894,118.33360026299177,1667.925,3478.6198349206547,969.010498046875,981.1826782226562,False,False,False,2779044.865236361,940.5304113919092,51.19690894141214,125.13978086139072,1667.925,2160.076461500564,969.0328979492188,979.8575439453124,False,False,False,1003970.6641518855,565.3085775380129,47.726919390529154,98.02763484237258,889.56,1346.345597828286,978.56396484375,984.9440307617188,False,False,False,0,full_field_only_zonalization_signature,False,7.105427357601002e-15,1,2,220,255,51.19690894141213,125.13978086139068,47.72691939052916,98.02763484237258,50.32380129409895,118.33360026299177,first NH primary-track coalescence; exact 2-to-1 only,True,False,False,10,2,2,NH
BCwave_b1n1,1.0,1,0,full,990.0,293,294,1.0,2.0,1;2,1.0,2.0,311.0,159.0,3081795.9057823624,990.4373296737436,58.82874840467421,99.79763475339328,1667.925,2877.7141543498687,963.9513549804688,978.5005493164062,False,False,False,1894741.748127854,776.6048095358757,60.42553888532812,108.9092765274962,1556.73,1536.661418049939,964.02294921875,977.17578125,False,False,False,1117828.8460888886,596.5031205044213,55.9276969055378,83.56405397828482,889.56,1370.506189719527,969.3989868164062,980.9093627929688,False,False,False,0,local_wave_scale_coalescence,True,2.8421709430404014e-14,1,2,210,240,60.42553888532814,108.9092765274962,55.92769690553778,83.56405397828482,58.82874840467424,99.79763475339328,first NH primary-track coalescence; exact 2-to-1 only,True,True,True,11,2,3,NH
BCwave_b1n3,1.0,3,0,full,990.0,335,336,1.0,2.0,1;2,1.0,2.0,297.0,32.0,2399904.6014154404,874.0213730387286,54.25874915616992,111.78741941939334,1445.535,2857.881865038976,974.2135009765624,983.0418090820312,False,False,False,2103922.169237392,818.3515297410449,54.91458563788959,113.98073028533614,1111.9499999999998,2109.18007984938,974.1882934570312,982.4249267578124,False,False,False,266091.4966825842,291.03187801941544,49.26732157254722,92.50286253989286,333.585,798.1396590729681,984.9793701171876,987.6951293945312,False,False,False,0,full_field_only_zonalization_signature,False,2.131628207280301e-14,1,2,215,243,54.9145856378896,113.98073028533614,49.26732157254721,92.50286253989286,54.2587491561699,111.78741941939334,first NH primary-track coalescence; exact 2-to-1 only,True,True,False,12,2,4,NH
BCwave_b1n6,1.0,6,0,full,990.0,349,350,1.0,2.0,1;2,1.0,2.0,214.0,22.0,1794569.1775108406,755.7970035944933,53.60706952579525,109.9616098514864,1223.145,2507.018440288716,979.1492919921876,984.8821411132812,False,False,False,1559496.4257822384,704.5588192583872,54.0742572836866,111.87250015016332,1111.9499999999998,1761.5376935738902,979.07421875,984.373779296875,False,False,False,192206.43283874867,247.34835305838303,49.61250770731259,91.85261852461214,222.39,720.4920514381271,986.7552490234376,988.2376098632812,False,False,False,0,full_field_only_zonalization_signature,False,1.4210854715202004e-14,1,2,225,257,54.07425728368661,111.87250015016332,49.61250770731259,91.85261852461214,53.60706952579526,109.9616098514864,first NH primary-track coalescence; exact 2-to-1 only,True,False,False,13,2,5,NH
BCwave_b15n1,1.5,1,0,full,990.0,261,262,1.0,2.0,1;3,1.0,3.0,467.0,237.0,4312758.793349528,1171.6628186680805,60.646325272797554,112.28784922787682,2001.51,3215.954250159157,949.8545532226562,974.099365234375,False,False,False,2672427.712207815,922.312398760462,62.00960124811573,123.54591854059778,2112.705,1826.52531050976,950.1707153320312,972.2476806640624,False,False,False,1555800.5922593365,703.7234609182385,58.067931080466266,92.7279965163704,1223.145,1411.500688017739,960.5095825195312,978.1788330078124,False,False,False,0,local_wave_scale_coalescence,True,1.4210854715202004e-14,1,2,187,212,62.00960124811574,123.54591854059778,58.067931080466266,92.7279965163704,60.64632527279757,112.28784922787683,first NH primary-track coalescence; exact 2-to-1 only,True,True,True,14,2,6,NH
BCwave_b15n3,1.5,3,0,full,990.0,289,290,2.0,2.0,2;3,2.0,3.0,373.0,143.0,3737342.587840417,1090.7030273018026,55.09858682092191,113.33082493524832,1779.12,3244.722495375964,964.8367309570312,979.0473022460938,False,False,False,2550280.166702834,900.9880074673348,56.10000603779007,121.55913663139448,1779.12,1860.553730016009,965.0631103515624,977.4949951171876,False,False,False,1087480.0215389817,588.3499314890922,52.81476402109365,93.403068636522,889.56,1478.522617476453,973.6290893554688,982.6932983398438,False,False,False,0,full_field_only_zonalization_signature,False,0.0,1,2,194,219,56.10000603779006,121.55913663139448,52.81476402109366,93.403068636522,55.09858682092191,113.33082493524832,first NH primary-track coalescence; exact 2-to-1 only,True,True,True,15,2,7,NH
BCwave_b15n6,1.5,6,0,full,990.0,314,315,1.0,2.0,1;2,1.0,2.0,312.0,104.0,3059938.8869926464,986.9188410644437,54.19944770317126,114.33004046946894,1445.535,3057.126186388499,970.2860717773438,981.4224853515624,False,False,False,2191274.2962888554,835.1672119097897,55.13108624905456,121.16787814161368,1445.535,1843.537874789056,970.3798217773438,980.210693359375,False,False,False,838745.3789137295,516.7019896412337,51.82024215299056,95.24588340285416,778.365,1305.9278620487642,978.6099853515624,985.0020751953124,False,False,False,0,full_field_only_zonalization_signature,False,7.105427357601002e-15,1,2,201,232,55.13108624905455,121.16787814161368,51.82024215299054,95.24588340285416,54.19944770317127,114.33004046946894,first NH primary-track coalescence; exact 2-to-1 only,True,True,False,16,2,8,NH
BCwave_b2n1,2.0,1,0,full,990.0,246,247,1.0,2.0,1;3,1.0,3.0,581.0,268.0,5127061.372011054,1277.495331413054,61.36229337394197,122.935810995633,2668.68,3570.5893672636457,939.8555297851562,971.64306640625,False,False,False,3298112.8652654225,1024.608184021547,61.99556662229306,135.1265930818325,2668.68,2036.208996727418,940.31201171875,969.451171875,False,False,False,1709396.9290873548,737.6435059977937,59.40608100321794,98.73874863115924,1445.535,1471.41024792754,954.8814086914062,976.5313720703124,False,False,False,0,full_field_only_zonalization_signature,False,0.0,1,2,176,201,61.99556662229306,135.1265930818325,59.40608100321794,98.73874863115924,61.36229337394197,122.935810995633,first NH primary-track coalescence; exact 2-to-1 only,True,True,True,17,3,1,NH
BCwave_b2n3,2.0,3,0,full,990.0,282,283,2.0,2.0,2;3,2.0,3.0,475.0,216.0,4899770.149982233,1248.8575894663009,56.271960746878925,122.16008543090784,2112.705,3642.730244912933,956.6359252929688,975.9130249023438,False,False,False,3176504.8321961383,1005.5410939382904,56.9135246903933,132.25989985501437,2001.51,2063.861803141024,956.981201171875,973.6217651367188,False,False,False,1565062.8721094795,705.815120758719,54.44744323543736,100.56157831024284,1111.9499999999998,1551.7026254313907,966.47412109375,979.9808959960938,False,False,False,0,full_field_only_zonalization_signature,False,1.4210854715202004e-14,1,2,186,210,56.9135246903933,132.25989985501434,54.447443235437376,100.56157831024284,56.27196074687894,122.16008543090784,first NH primary-track coalescence; exact 2-to-1 only,True,True,True,18,3,2,NH
BCwave_b2n6,2.0,6,0,full,990.0,307,308,1.0,2.0,1;2,1.0,2.0,408.0,166.0,4165235.551745247,1151.4493711860318,55.01048068765572,121.27931334523365,1779.12,3443.1571348908665,963.945068359375,979.1527099609376,False,False,False,2810061.636202112,945.7644524874736,55.875679568383696,130.08833138416915,1779.12,1996.1385952824053,963.9962768554688,977.4315795898438,False,False,False,1254025.4658457646,631.7979924825185,52.9384569442626,100.68379535999748,1000.755,1474.3117426572794,973.4556884765624,982.8834838867188,False,False,False,0,full_field_only_zonalization_signature,False,1.4210854715202004e-14,1,2,194,224,55.87567956838368,130.08833138416915,52.9384569442626,100.68379535999748,55.01048068765571,121.27931334523365,first NH primary-track coalescence; exact 2-to-1 only,True,True,True,19,3,3,NH
BCwave_b1n1s5,1.0,1,5,full,990.0,282,283,2.0,2.0,2;5,2.0,5.0,393.0,216.0,3205969.367480954,1010.1939142914996,65.22159598677204,108.14896627555405,1890.315,2796.175467764661,957.9829711914062,976.2731323242188,False,False,False,1830635.8777901423,763.3541104253936,67.35915996027381,119.8377718252519,1556.73,1498.1708102484222,958.0630493164062,974.7909545898438,False,False,False,1266773.17835018,635.001123007924,61.99466070004669,90.0993402931542,1000.755,1409.725063017083,962.1378173828124,978.3796997070312,False,False,False,1,local_wave_scale_coalescence,True,1.4210854715202004e-14,1,2,199,226,67.3591599602738,119.8377718252519,61.994660700046666,90.0993402931542,65.22159598677206,108.14896627555405,first NH primary-track coalescence; exact 2-to-1 only,True,True,True,20,3,4,NH
BCwave_b1n3s5,1.0,3,5,full,990.0,305,306,2.0,2.0,2;4,2.0,4.0,344.0,44.0,2446797.0513544586,882.5189465000014,59.648461564271216,114.14976902876066,1556.73,2584.615093385534,970.84423828125,981.2457275390624,False,False,False,2084293.5201117788,814.525158089296,60.48768997154465,117.1010810909419,1223.145,1862.3782051862352,970.912841796875,980.4649658203124,False,False,False,342793.448790059,330.3249062194868,54.66937550910578,93.81006218667308,444.78,835.9438788761555,982.519775390625,986.6165161132812,False,False,False,0,full_field_only_zonalization_signature,False,1.4210854715202004e-14,1,2,200,224,60.487689971544654,117.1010810909419,54.66937550910579,93.81006218667308,59.6484615642712,114.14976902876066,first NH primary-track coalescence; exact 2-to-1 only,True,True,True,21,3,5,NH
BCwave_b1n6s5,1.0,6,5,full,990.0,319,320,1.0,2.0,1;2,1.0,2.0,255.0,32.0,1851259.6110090308,767.6419973379083,58.61238569732029,114.49731369389671,1223.145,2374.4390567265923,976.7464599609376,983.74267578125,False,False,False,1615374.2817312574,717.0701526085849,59.18567517311104,117.04057057663472,1111.9499999999998,1651.854037777488,976.69580078125,983.2462158203124,False,False,False,256150.3124859057,285.5436513273077,54.8374619085607,95.19147559961492,333.585,768.443625456545,985.8574829101562,988.05078125,False,False,False,0,full_field_only_zonalization_signature,False,2.131628207280301e-14,1,2,205,235,59.18567517311107,117.04057057663472,54.837461908560726,95.19147559961492,58.61238569732031,114.49731369389671,first NH primary-track coalescence; exact 2-to-1 only,True,True,False,22,3,6,NH
BCwave_b15n1s5,1.5,1,5,full,990.0,243,244,2.0,2.0,2;4,2.0,4.0,543.0,282.0,4327062.667470677,1173.604202954608,65.59131586790501,120.42871350140727,2557.485,3216.534630145027,944.11083984375,973.2293090820312,False,False,False,2603683.4199471944,910.3725463028936,66.5313464353319,133.3451727073118,2557.485,1815.60739055291,944.6761474609376,971.6517333984376,False,False,False,1609308.8636059652,715.7226566268391,63.2753054386374,97.1043524802938,1445.535,1400.1354195531176,954.1817016601562,976.226806640625,False,False,False,0,local_wave_scale_coalescence,True,1.4210854715202004e-14,1,2,174,196,66.53134643533188,133.3451727073118,63.27530543863742,97.1043524802938,65.59131586790502,120.42871350140727,first NH primary-track coalescence; exact 2-to-1 only,True,True,True,23,3,7,NH
BCwave_b15n3s5,1.5,3,5,full,990.0,259,260,1.0,2.0,1;2,1.0,2.0,395.0,173.0,3586266.15740984,1068.4306118742136,59.881072744513794,116.11977957881544,1779.12,3124.646701896559,962.9209594726562,977.9385375976562,False,False,False,2350723.854194016,865.0194463004974,60.70144871196601,125.76045875590223,1779.12,1741.261755036027,963.1224365234376,976.1671142578124,False,False,False,1163572.967800465,608.5858846104644,57.88700526733928,95.3292085184386,1000.755,1359.5352256310082,970.6707763671876,981.77099609375,False,False,False,0,full_field_only_zonalization_signature,False,7.105427357601002e-15,1,2,177,199,60.701448711966016,125.76045875590223,57.88700526733927,95.3292085184386,59.88107274451379,116.11977957881544,first NH primary-track coalescence; exact 2-to-1 only,True,True,True,24,3,8,NH
BCwave_b15n6s5,1.5,6,5,full,990.0,282,283,1.0,2.0,1;2,1.0,2.0,345.0,130.0,3095630.7479549926,992.6579829168736,59.02849645968031,118.4253134184947,1556.73,3032.779101940476,967.8447875976562,980.3587646484376,False,False,False,2128784.5968134347,823.1726323934071,59.86586828808812,126.42633577626248,1556.73,1730.5063101926387,968.0462646484376,978.9487915039062,False,False,False,909527.2388150636,538.0627397137627,56.85121927691396,98.27452484036442,778.365,1276.8649339189242,976.203857421875,983.8353881835938,False,False,False,0,full_field_only_zonalization_signature,False,2.131628207280301e-14,1,2,182,210,59.86586828808814,126.42633577626248,56.851219276913966,98.27452484036442,59.02849645968033,118.4253134184947,first NH primary-track coalescence; exact 2-to-1 only,True,True,True,25,4,1,NH
BCwave_b2n1s5,2.0,1,5,full,990.0,228,229,1.0,2.0,1;2,1.0,2.0,727.0,355.0,5443109.978733884,1316.2810177984936,65.89068283297385,132.7051537530808,3113.46,3588.244054063383,933.8009643554688,971.1528930664062,False,False,False,3446588.1270716675,1047.4173353781132,65.96938936227193,146.38915840138907,3224.655,2037.660535692556,934.9666137695312,969.4849243164062,False,False,False,1877454.220806623,773.0538398716053,64.73722541597922,105.4543937852339,1667.925,1471.0967228193665,947.6763305664062,975.1179809570312,False,False,False,0,local_wave_scale_coalescence,True,1.4210854715202004e-14,1,2,162,183,65.96938936227191,146.38915840138907,64.73722541597921,105.4543937852339,65.89068283297384,132.7051537530808,first NH primary-track coalescence; exact 2-to-1 only,True,True,True,26,4,2,NH
BCwave_b2n3s5,2.0,3,5,full,990.0,251,252,1.0,2.0,1;2,1.0,2.0,515.0,238.0,4643590.177370759,1215.7716318630955,60.85841818317179,126.63912781421942,2001.51,3465.507877625086,954.118408203125,974.2576904296876,False,False,False,2980274.281851349,973.9870468607792,61.42434206744198,138.100291961118,2001.51,1967.906399701332,954.55712890625,972.0042114257812,False,False,False,1507253.6467273636,692.6570123371961,59.32152721978453,103.02739580991448,1223.145,1475.0812076209531,963.63525390625,978.3786010742188,False,False,False,0,local_wave_scale_coalescence,True,7.105427357601002e-15,1,2,168,190,61.42434206744198,138.100291961118,59.321527219784535,103.02739580991448,60.8584181831718,126.63912781421942,first NH primary-track coalescence; exact 2-to-1 only,True,True,True,27,4,3,NH
BCwave_b2n6s5,2.0,6,5,full,990.0,274,275,1.0,2.0,1;2,1.0,2.0,459.0,195.0,4143462.873903945,1148.4359781020128,59.706500525321815,126.7101565015574,1890.315,3365.4033861980515,960.0736694335938,977.4012451171876,False,False,False,2760454.1752370466,937.379247868905,60.47172036244558,136.89941830189167,1890.315,1972.900752279816,960.1729125976562,975.5599365234376,False,False,False,1296283.3564693213,642.3548922984022,57.795549505911175,104.4801944876037,1111.9499999999998,1362.9911789855196,970.294921875,981.4237670898438,False,False,False,0,full_field_only_zonalization_signature,False,1.6000924780679792e-14,1,2,174,201,60.471720362445566,136.89941830189167,57.7955495059112,104.4801944876037,59.70650052532181,126.71015650155744,first NH primary-track coalescence; exact 2-to-1 only,True,True,True,28,4,4,NH
BCwave_b1n1s10,1.0,1,10,full,990.0,271,272,1.0,2.0,1;4,1.0,4.0,515.0,277.0,3026690.7540417435,981.5424542181348,71.60403891422484,121.23012819101524,2112.705,2737.110238920284,953.96923828125,974.7919921875,False,False,False,1705030.4634091645,736.7007891591179,73.84149988738119,137.46963126383727,1556.73,1516.3082448912664,954.1415405273438,973.9302978515624,False,False,False,1276237.7427109024,637.3688811243967,68.27944949798075,98.78810221194712,1223.145,1275.682376054311,955.776123046875,976.4779663085938,False,False,False,1,full_field_only_zonalization_signature,False,0.0,1,3,190,215,73.84149988738118,137.46963126383727,68.27944949798075,98.78810221194712,71.60403891422484,121.23012819101524,first NH primary-track coalescence; exact 2-to-1 only,True,True,True,29,4,5,NH
BCwave_b1n3s10,1.0,3,10,full,990.0,263,264,1.0,2.0,1;3,1.0,3.0,282.0,106.0,2145646.304459338,826.4263009870408,64.1029341032151,109.39606054213584,1445.535,2525.382728413053,971.2310180664062,981.5217895507812,False,False,False,1451060.1373676765,679.62253286022,65.2182933183546,117.32884275531244,1223.145,1398.2623153261327,971.4151611328124,980.212158203125,False,False,False,636717.26926239,450.1926271166215,61.14498869437044,89.89225676979024,555.9749999999999,1180.5668794278945,978.288330078125,984.6693725585938,False,False,False,0,full_field_only_zonalization_signature,False,1.4210854715202004e-14,1,2,188,211,65.2182933183546,117.32884275531244,61.1449886943704,89.89225676979024,64.10293410321512,109.39606054213584,first NH primary-track coalescence; exact 2-to-1 only,True,True,True,30,4,6,NH
BCwave_b1n6s10,1.0,6,10,full,990.0,287,288,1.0,2.0,1;2,1.0,2.0,263.0,52.0,1789591.5856232916,754.7480996565804,63.37104621191344,117.20838755942098,1223.145,2342.4240220161987,975.6527099609376,983.377685546875,False,False,False,1410128.2565795218,669.9684804946982,64.20330120432219,121.83943841143034,1111.9499999999998,1451.6926180067646,975.7977294921876,982.609619140625,False,False,False,332090.5979702385,325.1272373127382,60.13176082319912,96.18034232609972,333.585,830.6385181238942,983.5538330078124,986.841552734375,False,False,False,0,full_field_only_zonalization_signature,False,7.105427357601002e-15,1,2,193,218,64.2033012043222,121.83943841143034,60.13176082319907,96.18034232609972,63.37104621191343,117.20838755942098,first NH primary-track coalescence; exact 2-to-1 only,True,True,True,31,4,7,NH
BCwave_b15n1s10,1.5,1,10,full,990.0,230,231,1.0,2.0,1;2,1.0,2.0,716.0,370.0,4442348.335498762,1189.1355654681947,70.15540626259943,133.95884784683227,3113.46,3359.516741962764,941.2584228515624,973.7748413085938,False,False,False,2698239.857593088,926.7558588792538,70.34902387573221,149.82511591657732,3224.655,1981.8671904174016,942.5377197265624,973.5037841796876,False,False,False,1615127.583521163,717.0153954295,69.13460637916957,106.31288148732077,1556.73,1425.7703613509857,948.5142211914062,974.6187744140624,False,False,False,0,full_field_only_zonalization_signature,False,1.4210854715202004e-14,1,2,164,183,70.34902387573221,149.82511591657732,69.13460637916957,106.31288148732077,70.15540626259941,133.95884784683227,first NH primary-track coalescence; exact 2-to-1 only,True,True,True,32,4,8,NH
BCwave_b15n3s10,1.5,3,10,full,990.0,237,238,1.0,2.0,1;2,1.0,2.0,443.0,203.0,3444363.597716501,1047.0792638404846,64.89126186996555,122.54324284386888,1779.12,2972.605301131208,960.1072387695312,977.0282592773438,False,False,False,2218778.7637406667,840.3922987232233,65.70908283172751,133.84371421675849,1779.12,1692.464101796886,960.504150390625,975.4874877929688,False,False,False,1165525.821383237,609.0963729565029,63.08204771687192,99.88753145512568,1000.755,1308.828184460027,968.2097778320312,980.670654296875,False,False,False,0,local_wave_scale_coalescence,True,1.4210854715202004e-14,1,2,164,185,65.7090828317275,133.84371421675849,63.08204771687193,99.88753145512568,64.89126186996553,122.54324284386888,first NH primary-track coalescence; exact 2-to-1 only,True,True,True,33,5,1,NH
BCwave_b15n6s10,1.5,6,10,full,990.0,256,257,2.0,2.0,2;3,2.0,3.0,386.0,154.0,3027259.154620969,981.6346147911856,63.86707336086664,124.6751640921016,1556.73,2840.6319589402488,966.0869750976562,979.4207153320312,False,False,False,2018834.573486032,801.6327109781889,64.66462174037721,133.99733812328955,1667.925,1665.3742767026704,966.2073364257812,977.8065185546876,False,False,False,930359.3821663088,544.1898465125746,61.771920881071125,102.58954825872192,889.56,1209.645933402511,974.391357421875,983.0418090820312,False,False,False,0,local_wave_scale_coalescence,True,0.0,1,2,168,193,64.66462174037723,133.99733812328955,61.77192088107112,102.58954825872192,63.86707336086664,124.6751640921016,first NH primary-track coalescence; exact 2-to-1 only,True,True,True,34,5,2,NH
BCwave_b2n1s10,2.0,1,10,full,990.0,212,213,1.0,2.0,1;2,1.0,2.0,882.0,445.0,5471887.278540406,1319.755968671,69.53896157542115,146.2955554077694,3558.24,3887.047573202272,937.4882202148438,972.9747314453124,False,False,False,3506596.394692614,1056.4962372328152,68.68774839036956,161.999194776089,3558.24,2344.0045995392347,939.4810791015624,972.5313720703124,False,False,False,1840853.779199772,765.4815196581039,70.10205849318784,114.13881393665358,1890.315,1475.9451584005385,943.2601318359376,974.311279296875,False,False,False,0,full_field_only_zonalization_signature,False,1.4210854715202004e-14,1,2,152,169,68.68774839036956,161.999194776089,70.10205849318783,114.13881393665358,69.53896157542117,146.2955554077694,first NH primary-track coalescence; exact 2-to-1 only,True,True,True,35,5,3,NH
BCwave_b2n3s10,2.0,3,10,full,990.0,227,228,1.0,2.0,1;2,1.0,2.0,570.0,279.0,4478341.083395405,1193.943147954619,65.4742897879476,133.90530401493106,2112.705,3369.47663424893,951.20068359375,973.6664428710938,False,False,False,2827486.2913461253,948.6921732493704,65.77071057963734,147.35397561785908,2112.705,1916.595786235528,951.514404296875,971.371337890625,False,False,False,1493896.5757849703,689.5810677566985,64.25561952992584,107.8255730547028,1334.34,1400.6511992307053,960.5608520507812,977.7232055664062,False,False,False,0,local_wave_scale_coalescence,True,0.0,1,2,154,174,65.77071057963735,147.35397561785908,64.25561952992584,107.8255730547028,65.4742897879476,133.90530401493106,first NH primary-track coalescence; exact 2-to-1 only,True,True,True,36,5,4,NH
BCwave_b2n6s10,2.0,6,10,full,990.0,247,248,2.0,2.0,2;3,2.0,3.0,529.0,223.0,4022327.484572528,1131.52401821977,64.43246406003547,134.40976305976457,1890.315,3215.259544185906,957.3489990234376,976.0657958984376,False,False,False,2685661.5138624185,924.593213692234,65.14485700170249,146.07520272671664,2001.51,1869.524014628304,957.767822265625,974.361328125,False,False,False,1288832.974941033,640.5062666074365,62.63066406227448,109.1759988472109,1111.9499999999998,1329.0959126067762,967.8158569335938,980.3433227539062,False,False,False,0,full_field_only_zonalization_signature,False,1.4210854715202004e-14,1,2,159,183,65.1448570017025,146.07520272671664,62.63066406227451,109.1759988472109,64.43246406003549,134.40976305976457,first NH primary-track coalescence; exact 2-to-1 only,True,True,True,37,5,5,NH
