ensemble,case,b,n,s,eke_peak_25_90N_area_mass_weighted_m2_s-2,eke_peak_time_h,new_25_90N_window_start_h,new_25_90N_window_end_h,new_25_90N_window_count,latitude_requested_min_deg,latitude_requested_max_deg,latitude_grid_min_deg,latitude_grid_max_deg,old_0_90N_window_start_h,old_0_90N_window_end_h,old_0_90N_window_count,start_shift_h,end_shift_h
standard,BCwave_b1n1s-10,1.0,1,-10,7.671709965904847,360.0,312.0,340.0,29,25.0,90.0,25.5,89.5,314.0,342.0,29,-2.0,-2.0
standard,BCwave_b1n1s-5,1.0,1,-5,11.751331820926913,360.0,305.0,340.0,36,25.0,90.0,25.5,89.5,307.0,341.0,35,-2.0,-1.0
standard,BCwave_b1n1,1.0,1,0,14.31320282319816,360.0,297.0,334.0,38,25.0,90.0,25.5,89.5,298.0,335.0,38,-1.0,-1.0
standard,BCwave_b1n1s5,1.0,1,5,15.42560343260557,360.0,291.0,332.0,42,25.0,90.0,25.5,89.5,292.0,332.0,41,-1.0,0.0
standard,BCwave_b1n1s10,1.0,1,10,15.187404042787778,360.0,285.0,335.0,51,25.0,90.0,25.5,89.5,286.0,335.0,50,-1.0,0.0
standard,BCwave_b1n3s-10,1.0,3,-10,3.1473130644197385,360.0,316.0,343.0,28,25.0,90.0,25.5,89.5,316.0,343.0,28,0.0,0.0
standard,BCwave_b1n3s-5,1.0,3,-5,4.839441262009589,360.0,303.0,336.0,34,25.0,90.0,25.5,89.5,304.0,337.0,34,-1.0,-1.0
standard,BCwave_b1n3,1.0,3,0,6.439011536031772,360.0,297.0,338.0,42,25.0,90.0,25.5,89.5,297.0,338.0,42,0.0,0.0
standard,BCwave_b1n3s5,1.0,3,5,8.035488815098773,360.0,300.0,338.0,39,25.0,90.0,25.5,89.5,300.0,338.0,39,0.0,0.0
standard,BCwave_b1n3s10,1.0,3,10,7.726540375737328,360.0,291.0,325.0,35,25.0,90.0,25.5,89.5,291.0,325.0,35,0.0,0.0
standard,BCwave_b1n6s-10,1.0,6,-10,1.7816808275052962,360.0,320.0,346.0,27,25.0,90.0,25.5,89.5,321.0,346.0,26,-1.0,0.0
standard,BCwave_b1n6s-5,1.0,6,-5,3.064498271230373,360.0,310.0,339.0,30,25.0,90.0,25.5,89.5,310.0,340.0,31,0.0,-1.0
standard,BCwave_b1n6,1.0,6,0,4.1091151608214,360.0,300.0,337.0,38,25.0,90.0,25.5,89.5,300.0,337.0,38,0.0,0.0
standard,BCwave_b1n6s5,1.0,6,5,4.982431655628252,360.0,294.0,337.0,44,25.0,90.0,25.5,89.5,294.0,337.0,44,0.0,0.0
standard,BCwave_b1n6s10,1.0,6,10,5.377950575571492,360.0,292.0,333.0,42,25.0,90.0,25.5,89.5,292.0,333.0,42,0.0,0.0
standard,BCwave_b15n1s-10,1.5,1,-10,22.53514511444717,360.0,311.0,341.0,31,25.0,90.0,25.5,89.5,313.0,342.0,30,-2.0,-1.0
standard,BCwave_b15n1s-5,1.5,1,-5,36.31452300176753,360.0,305.0,338.0,34,25.0,90.0,25.5,89.5,307.0,339.0,33,-2.0,-1.0
standard,BCwave_b15n1,1.5,1,0,39.48730501586781,360.0,289.0,320.0,32,25.0,90.0,25.5,89.5,291.0,321.0,31,-2.0,-1.0
standard,BCwave_b15n1s5,1.5,1,5,37.26747664232841,360.0,275.0,310.0,36,25.0,90.0,25.5,89.5,276.0,311.0,36,-1.0,-1.0
standard,BCwave_b15n1s10,1.5,1,10,35.202312387010096,360.0,271.0,329.0,59,25.0,90.0,25.5,89.5,272.0,330.0,59,-1.0,-1.0
standard,BCwave_b15n3s-10,1.5,3,-10,8.325699799350582,360.0,318.0,344.0,27,25.0,90.0,25.5,89.5,319.0,344.0,26,-1.0,0.0
standard,BCwave_b15n3s-5,1.5,3,-5,15.135161994043788,360.0,306.0,340.0,35,25.0,90.0,25.5,89.5,307.0,340.0,34,-1.0,0.0
standard,BCwave_b15n3,1.5,3,0,22.74216988357705,360.0,302.0,340.0,39,25.0,90.0,25.5,89.5,303.0,340.0,38,-1.0,0.0
standard,BCwave_b15n3s5,1.5,3,5,25.03765105381144,360.0,291.0,325.0,35,25.0,90.0,25.5,89.5,291.0,325.0,35,0.0,0.0
standard,BCwave_b15n3s10,1.5,3,10,20.755192738060742,360.0,270.0,303.0,34,25.0,90.0,25.5,89.5,270.0,303.0,34,0.0,0.0
standard,BCwave_b15n6s-10,1.5,6,-10,4.300147147815512,360.0,322.0,346.0,25,25.0,90.0,25.5,89.5,322.0,346.0,25,0.0,0.0
standard,BCwave_b15n6s-5,1.5,6,-5,8.574079687271977,360.0,311.0,340.0,30,25.0,90.0,25.5,89.5,311.0,340.0,30,0.0,0.0
standard,BCwave_b15n6,1.5,6,0,12.972418174278795,360.0,300.0,338.0,39,25.0,90.0,25.5,89.5,300.0,338.0,39,0.0,0.0
standard,BCwave_b15n6s5,1.5,6,5,16.379959118255776,360.0,293.0,335.0,43,25.0,90.0,25.5,89.5,293.0,335.0,43,0.0,0.0
standard,BCwave_b15n6s10,1.5,6,10,14.390411336424012,360.0,270.0,310.0,41,25.0,90.0,25.5,89.5,270.0,310.0,41,0.0,0.0
standard,BCwave_b2n1s-10,2.0,1,-10,41.56527948320851,360.0,313.0,342.0,30,25.0,90.0,25.5,89.5,314.0,343.0,30,-1.0,-1.0
standard,BCwave_b2n1s-5,2.0,1,-5,69.53333853748208,360.0,306.0,338.0,33,25.0,90.0,25.5,89.5,308.0,339.0,32,-2.0,-1.0
standard,BCwave_b2n1,2.0,1,0,70.86167210003345,360.0,284.0,314.0,31,25.0,90.0,25.5,89.5,286.0,316.0,31,-2.0,-2.0
standard,BCwave_b2n1s5,2.0,1,5,59.16638489945581,360.0,261.0,295.0,35,25.0,90.0,25.5,89.5,262.0,296.0,35,-1.0,-1.0
standard,BCwave_b2n1s10,2.0,1,10,55.346930701276975,360.0,256.0,323.0,68,25.0,90.0,25.5,89.5,258.0,323.0,66,-2.0,0.0
standard,BCwave_b2n3s-10,2.0,3,-10,13.796993073685208,360.0,321.0,345.0,25,25.0,90.0,25.5,89.5,321.0,346.0,26,0.0,-1.0
standard,BCwave_b2n3s-5,2.0,3,-5,27.008964495330616,360.0,308.0,340.0,33,25.0,90.0,25.5,89.5,309.0,341.0,33,-1.0,-1.0
standard,BCwave_b2n3,2.0,3,0,43.871949436101886,360.0,303.0,342.0,40,25.0,90.0,25.5,89.5,304.0,342.0,39,-1.0,0.0
standard,BCwave_b2n3s5,2.0,3,5,47.124877573332704,360.0,286.0,323.0,38,25.0,90.0,25.5,89.5,286.0,323.0,38,0.0,0.0
standard,BCwave_b2n3s10,2.0,3,10,35.46576235453532,360.0,254.0,290.0,37,25.0,90.0,25.5,89.5,254.0,290.0,37,0.0,0.0
standard,BCwave_b2n6s-10,2.0,6,-10,6.654880037565071,360.0,323.0,347.0,25,25.0,90.0,25.5,89.5,323.0,347.0,25,0.0,0.0
standard,BCwave_b2n6s-5,2.0,6,-5,14.617876260159887,360.0,312.0,341.0,30,25.0,90.0,25.5,89.5,313.0,342.0,30,-1.0,-1.0
standard,BCwave_b2n6,2.0,6,0,24.84281993034972,360.0,303.0,340.0,38,25.0,90.0,25.5,89.5,303.0,340.0,38,0.0,0.0
standard,BCwave_b2n6s5,2.0,6,5,30.82914714710089,360.0,291.0,334.0,44,25.0,90.0,25.5,89.5,292.0,334.0,43,-1.0,0.0
standard,BCwave_b2n6s10,2.0,6,10,27.506143042699605,360.0,266.0,308.0,43,25.0,90.0,25.5,89.5,266.0,308.0,43,0.0,0.0
u30,BCwave_b1_u30_n1_s-10,1.0,1,-10,145.3221047969679,342.0,241.0,299.0,59,25.0,90.0,25.5,89.5,247.0,305.0,59,-6.0,-6.0
u30,BCwave_b1_u30_n1_s-5,1.0,1,-5,216.35857221853587,360.0,232.0,291.0,60,25.0,90.0,25.5,89.5,236.0,299.0,64,-4.0,-8.0
u30,BCwave_b1_u30_n1_s0,1.0,1,0,245.12649024532288,360.0,243.0,314.0,72,25.0,90.0,25.5,89.5,247.0,315.0,69,-4.0,-1.0
u30,BCwave_b1_u30_n1_s5,1.0,1,5,248.66864799264155,326.0,255.0,295.0,41,25.0,90.0,25.5,89.5,257.0,297.0,41,-2.0,-2.0
u30,BCwave_b1_u30_n1_s10,1.0,1,10,178.44691257259726,333.0,229.0,286.0,58,25.0,90.0,25.5,89.5,231.0,287.0,57,-2.0,-1.0
u30,BCwave_b1_u30_n3_s-10,1.0,3,-10,51.1912528529658,360.0,244.0,327.0,84,25.0,90.0,25.5,89.5,245.0,328.0,84,-1.0,-1.0
u30,BCwave_b1_u30_n3_s-5,1.0,3,-5,90.81634826953172,360.0,270.0,331.0,62,25.0,90.0,25.5,89.5,271.0,332.0,62,-1.0,-1.0
u30,BCwave_b1_u30_n3_s0,1.0,3,0,105.95646043949418,360.0,270.0,321.0,52,25.0,90.0,25.5,89.5,275.0,323.0,49,-5.0,-2.0
u30,BCwave_b1_u30_n3_s5,1.0,3,5,151.31464042834415,360.0,278.0,329.0,52,25.0,90.0,25.5,89.5,279.0,330.0,52,-1.0,-1.0
u30,BCwave_b1_u30_n3_s10,1.0,3,10,88.77226145198692,326.0,257.0,300.0,44,25.0,90.0,25.5,89.5,257.0,300.0,44,0.0,0.0
u30,BCwave_b1_u30_n6_s-10,1.0,6,-10,31.634398805515723,315.0,239.0,278.0,40,25.0,90.0,25.5,89.5,239.0,278.0,40,0.0,0.0
u30,BCwave_b1_u30_n6_s-5,1.0,6,-5,46.57086890419572,360.0,245.0,281.0,37,25.0,90.0,25.5,89.5,246.0,282.0,37,-1.0,-1.0
u30,BCwave_b1_u30_n6_s0,1.0,6,0,94.86975916989854,360.0,281.0,328.0,48,25.0,90.0,25.5,89.5,282.0,328.0,47,-1.0,0.0
u30,BCwave_b1_u30_n6_s5,1.0,6,5,115.0096586503144,360.0,283.0,327.0,45,25.0,90.0,25.5,89.5,284.0,328.0,45,-1.0,-1.0
u30,BCwave_b1_u30_n6_s10,1.0,6,10,107.23828429636104,360.0,278.0,325.0,48,25.0,90.0,25.5,89.5,279.0,325.0,47,-1.0,0.0
u30,BCwave_b15_u30_n1_s-10,1.5,1,-10,103.57932831034886,360.0,302.0,334.0,33,25.0,90.0,25.5,89.5,304.0,336.0,33,-2.0,-2.0
u30,BCwave_b15_u30_n1_s-5,1.5,1,-5,136.16684227678417,360.0,288.0,332.0,45,25.0,90.0,25.5,89.5,287.0,330.0,44,1.0,2.0
u30,BCwave_b15_u30_n1_s0,1.5,1,0,128.95764482411667,360.0,262.0,331.0,70,25.0,90.0,25.5,89.5,265.0,332.0,68,-3.0,-1.0
u30,BCwave_b15_u30_n1_s5,1.5,1,5,110.19780210119625,360.0,251.0,338.0,88,25.0,90.0,25.5,89.5,253.0,338.0,86,-2.0,0.0
u30,BCwave_b15_u30_n1_s10,1.5,1,10,112.10569847819797,353.0,275.0,322.0,48,25.0,90.0,25.5,89.5,276.0,322.0,47,-1.0,0.0
u30,BCwave_b15_u30_n3_s-10,1.5,3,-10,42.59714146104445,360.0,301.0,340.0,40,25.0,90.0,25.5,89.5,302.0,341.0,40,-1.0,-1.0
u30,BCwave_b15_u30_n3_s-5,1.5,3,-5,71.90614246821491,360.0,301.0,337.0,37,25.0,90.0,25.5,89.5,303.0,337.0,35,-2.0,0.0
u30,BCwave_b15_u30_n3_s0,1.5,3,0,78.25259580768117,360.0,278.0,311.0,34,25.0,90.0,25.5,89.5,281.0,314.0,34,-3.0,-3.0
u30,BCwave_b15_u30_n3_s5,1.5,3,5,98.39050891969602,360.0,280.0,336.0,57,25.0,90.0,25.5,89.5,281.0,336.0,56,-1.0,0.0
u30,BCwave_b15_u30_n3_s10,1.5,3,10,59.97240816845691,360.0,239.0,301.0,63,25.0,90.0,25.5,89.5,239.0,302.0,64,0.0,-1.0
u30,BCwave_b15_u30_n6_s-10,1.5,6,-10,23.629702668465185,360.0,303.0,344.0,42,25.0,90.0,25.5,89.5,304.0,344.0,41,-1.0,0.0
u30,BCwave_b15_u30_n6_s-5,1.5,6,-5,44.48807339909848,360.0,305.0,340.0,36,25.0,90.0,25.5,89.5,306.0,341.0,36,-1.0,-1.0
u30,BCwave_b15_u30_n6_s0,1.5,6,0,56.59086850809439,360.0,291.0,326.0,36,25.0,90.0,25.5,89.5,293.0,328.0,36,-2.0,-2.0
u30,BCwave_b15_u30_n6_s5,1.5,6,5,63.29818438827917,360.0,281.0,339.0,59,25.0,90.0,25.5,89.5,281.0,339.0,59,0.0,0.0
u30,BCwave_b15_u30_n6_s10,1.5,6,10,55.97449079353425,360.0,266.0,337.0,72,25.0,90.0,25.5,89.5,266.0,337.0,72,0.0,0.0
u30,BCwave_b2_u30_n1_s-10,2.0,1,-10,41.38076136818697,360.0,313.0,342.0,30,25.0,90.0,25.5,89.5,314.0,343.0,30,-1.0,-1.0
u30,BCwave_b2_u30_n1_s-5,2.0,1,-5,69.25187782736498,360.0,306.0,338.0,33,25.0,90.0,25.5,89.5,308.0,339.0,32,-2.0,-1.0
u30,BCwave_b2_u30_n1_s0,2.0,1,0,70.54194801529756,360.0,284.0,314.0,31,25.0,90.0,25.5,89.5,286.0,316.0,31,-2.0,-2.0
u30,BCwave_b2_u30_n1_s5,2.0,1,5,59.419156471307815,360.0,261.0,296.0,36,25.0,90.0,25.5,89.5,262.0,297.0,36,-1.0,-1.0
u30,BCwave_b2_u30_n1_s10,2.0,1,10,53.77363064899671,360.0,253.0,321.0,69,25.0,90.0,25.5,89.5,255.0,322.0,68,-2.0,-1.0
u30,BCwave_b2_u30_n3_s-10,2.0,3,-10,13.718047042950053,360.0,321.0,345.0,25,25.0,90.0,25.5,89.5,321.0,346.0,26,0.0,-1.0
u30,BCwave_b2_u30_n3_s-5,2.0,3,-5,26.946352268419616,360.0,308.0,340.0,33,25.0,90.0,25.5,89.5,309.0,341.0,33,-1.0,-1.0
u30,BCwave_b2_u30_n3_s0,2.0,3,0,43.82719100388756,360.0,304.0,342.0,39,25.0,90.0,25.5,89.5,304.0,342.0,39,0.0,0.0
u30,BCwave_b2_u30_n3_s5,2.0,3,5,46.87748350836342,360.0,286.0,323.0,38,25.0,90.0,25.5,89.5,286.0,323.0,38,0.0,0.0
u30,BCwave_b2_u30_n3_s10,2.0,3,10,35.92848566695399,360.0,256.0,291.0,36,25.0,90.0,25.5,89.5,256.0,291.0,36,0.0,0.0
u30,BCwave_b2_u30_n6_s-10,2.0,6,-10,6.629197521680395,360.0,323.0,347.0,25,25.0,90.0,25.5,89.5,323.0,347.0,25,0.0,0.0
u30,BCwave_b2_u30_n6_s-5,2.0,6,-5,14.557679302178313,360.0,313.0,341.0,29,25.0,90.0,25.5,89.5,313.0,342.0,30,0.0,-1.0
u30,BCwave_b2_u30_n6_s0,2.0,6,0,24.82569633728555,360.0,303.0,340.0,38,25.0,90.0,25.5,89.5,303.0,340.0,38,0.0,0.0
u30,BCwave_b2_u30_n6_s5,2.0,6,5,30.569986235478844,360.0,291.0,334.0,44,25.0,90.0,25.5,89.5,291.0,334.0,44,0.0,0.0
u30,BCwave_b2_u30_n6_s10,2.0,6,10,27.45947784360287,360.0,266.0,309.0,44,25.0,90.0,25.5,89.5,266.0,309.0,44,0.0,0.0
