case,relative_hour,wind_speed_m_s,b,n,s
BCwave_b15n1,-27,44.23556108631394,1.5,1,0
BCwave_b15n1,-26,45.0444379386823,1.5,1,0
BCwave_b15n1,-25,45.07047560005285,1.5,1,0
BCwave_b15n1,-24,45.085963980181646,1.5,1,0
BCwave_b15n1,-23,45.39561815654883,1.5,1,0
BCwave_b15n1,-22,45.688006963664506,1.5,1,0
BCwave_b15n1,-21,45.77591212604874,1.5,1,0
BCwave_b15n1,-20,45.95815872021759,1.5,1,0
BCwave_b15n1,-19,46.12165938088358,1.5,1,0
BCwave_b15n1,-18,46.292473825423436,1.5,1,0
BCwave_b15n1,-17,46.64601539481038,1.5,1,0
BCwave_b15n1,-16,47.297421571092514,1.5,1,0
BCwave_b15n1,-15,47.16197707492629,1.5,1,0
BCwave_b15n1,-14,46.83684192408939,1.5,1,0
BCwave_b15n1,-13,47.3953650815745,1.5,1,0
BCwave_b15n1,-12,47.36018771803436,1.5,1,0
BCwave_b15n1,-11,46.892891148334236,1.5,1,0
BCwave_b15n1,-10,46.88233630925297,1.5,1,0
BCwave_b15n1,-9,46.7803606349414,1.5,1,0
BCwave_b15n1,-8,47.0460243999141,1.5,1,0
BCwave_b15n1,-7,46.79561478270702,1.5,1,0
BCwave_b15n1,-6,47.31287765008826,1.5,1,0
BCwave_b15n1,-5,47.3947453603899,1.5,1,0
BCwave_b15n1,-4,47.87474156367569,1.5,1,0
BCwave_b15n1,-3,48.71323676398175,1.5,1,0
BCwave_b15n1,-2,49.20497155820218,1.5,1,0
BCwave_b15n1,-1,48.805322858766225,1.5,1,0
BCwave_b15n1,0,49.94422716196137,1.5,1,0
BCwave_b15n1,1,51.09781193240456,1.5,1,0
BCwave_b15n1,2,51.03948559406592,1.5,1,0
BCwave_b15n1,3,51.35095631888988,1.5,1,0
BCwave_b15n1,4,52.80224376217426,1.5,1,0
BCwave_b15n1,5,51.13104582512419,1.5,1,0
BCwave_b15n1,6,52.8341029528576,1.5,1,0
BCwave_b15n1,7,52.58351961612951,1.5,1,0
BCwave_b15n1,8,53.468735227147576,1.5,1,0
BCwave_b15n1,9,52.332905843340164,1.5,1,0
BCwave_b15n1,10,52.81137245423672,1.5,1,0
BCwave_b15n1,11,52.340403386380444,1.5,1,0
BCwave_b15n1,12,54.23578049122619,1.5,1,0
BCwave_b15n1,13,52.652143095309185,1.5,1,0
BCwave_b15n1,14,51.80842863431644,1.5,1,0
BCwave_b15n1,15,51.38066364203647,1.5,1,0
BCwave_b15n1,16,49.6027708506288,1.5,1,0
BCwave_b15n1,17,48.28793952229401,1.5,1,0
BCwave_b15n1,18,48.42674330924818,1.5,1,0
BCwave_b15n1,19,48.483447488760554,1.5,1,0
BCwave_b15n1,20,48.31920411358767,1.5,1,0
BCwave_b15n1,21,48.24979283584483,1.5,1,0
BCwave_b15n1,22,48.620165063708654,1.5,1,0
BCwave_b15n1,23,49.067959277898524,1.5,1,0
BCwave_b15n1,24,49.87331108952341,1.5,1,0
BCwave_b15n1,25,50.86096128053141,1.5,1,0
BCwave_b15n1,26,51.918702126368466,1.5,1,0
BCwave_b15n1,27,53.169842284370056,1.5,1,0
BCwave_b15n1s-10,-27,40.95189758063699,1.5,1,-10
BCwave_b15n1s-10,-26,41.363433167818464,1.5,1,-10
BCwave_b15n1s-10,-25,41.59250556559487,1.5,1,-10
BCwave_b15n1s-10,-24,42.41730263528257,1.5,1,-10
BCwave_b15n1s-10,-23,42.822003082828296,1.5,1,-10
BCwave_b15n1s-10,-22,42.69286155334716,1.5,1,-10
BCwave_b15n1s-10,-21,42.755452144689336,1.5,1,-10
BCwave_b15n1s-10,-20,42.84464508548485,1.5,1,-10
BCwave_b15n1s-10,-19,43.038175748501395,1.5,1,-10
BCwave_b15n1s-10,-18,43.42409952139297,1.5,1,-10
BCwave_b15n1s-10,-17,43.66001597517305,1.5,1,-10
BCwave_b15n1s-10,-16,44.36790276804355,1.5,1,-10
BCwave_b15n1s-10,-15,44.51266602798329,1.5,1,-10
BCwave_b15n1s-10,-14,44.45916642342774,1.5,1,-10
BCwave_b15n1s-10,-13,44.846278117754935,1.5,1,-10
BCwave_b15n1s-10,-12,44.66173573133422,1.5,1,-10
BCwave_b15n1s-10,-11,45.07780327617985,1.5,1,-10
BCwave_b15n1s-10,-10,45.04643487884359,1.5,1,-10
BCwave_b15n1s-10,-9,45.28989715639087,1.5,1,-10
BCwave_b15n1s-10,-8,45.231243055589594,1.5,1,-10
BCwave_b15n1s-10,-7,45.62423922842263,1.5,1,-10
BCwave_b15n1s-10,-6,45.910175900954144,1.5,1,-10
BCwave_b15n1s-10,-5,46.09628326562916,1.5,1,-10
BCwave_b15n1s-10,-4,46.61009823934718,1.5,1,-10
BCwave_b15n1s-10,-3,46.50078359413055,1.5,1,-10
BCwave_b15n1s-10,-2,46.9888155448149,1.5,1,-10
BCwave_b15n1s-10,-1,47.55425363086277,1.5,1,-10
BCwave_b15n1s-10,0,47.20350907855069,1.5,1,-10
BCwave_b15n1s-10,1,48.05653605467704,1.5,1,-10
BCwave_b15n1s-10,2,47.69286561089206,1.5,1,-10
BCwave_b15n1s-10,3,47.01437643618243,1.5,1,-10
BCwave_b15n1s-10,4,47.080768607119225,1.5,1,-10
BCwave_b15n1s-10,5,46.569592361244396,1.5,1,-10
BCwave_b15n1s-10,6,45.75299023270677,1.5,1,-10
BCwave_b15n1s-10,7,45.509323161932144,1.5,1,-10
BCwave_b15n1s-10,8,44.25889918965471,1.5,1,-10
BCwave_b15n1s-10,9,43.69657538176418,1.5,1,-10
BCwave_b15n1s-10,10,42.66326341526359,1.5,1,-10
BCwave_b15n1s-10,11,41.75222173550374,1.5,1,-10
BCwave_b15n1s-10,12,41.005083835250744,1.5,1,-10
BCwave_b15n1s-10,13,39.86618088850066,1.5,1,-10
BCwave_b15n1s-10,14,39.35917040148661,1.5,1,-10
BCwave_b15n1s-10,15,37.90132876589796,1.5,1,-10
BCwave_b15n1s-10,16,38.005868011659345,1.5,1,-10
BCwave_b15n1s-10,17,37.85590659708971,1.5,1,-10
BCwave_b15n1s-10,18,37.89279123717708,1.5,1,-10
BCwave_b15n1s-10,19,37.88377128845876,1.5,1,-10
BCwave_b15n1s-10,20,37.95966147945249,1.5,1,-10
BCwave_b15n1s-10,21,38.00289586449286,1.5,1,-10
BCwave_b15n1s-10,22,37.892536846177926,1.5,1,-10
BCwave_b15n1s-10,23,37.51560260111115,1.5,1,-10
BCwave_b15n1s-10,24,36.96780008618225,1.5,1,-10
BCwave_b15n1s-10,25,36.23003458858904,1.5,1,-10
BCwave_b15n1s-10,26,36.385354740027665,1.5,1,-10
BCwave_b15n1s-10,27,37.36136605972394,1.5,1,-10
BCwave_b15n1s-5,-27,42.03954015436373,1.5,1,-5
BCwave_b15n1s-5,-26,42.10548104555809,1.5,1,-5
BCwave_b15n1s-5,-25,41.902561599499194,1.5,1,-5
BCwave_b15n1s-5,-24,42.18226464559753,1.5,1,-5
BCwave_b15n1s-5,-23,42.408903672749354,1.5,1,-5
BCwave_b15n1s-5,-22,42.54215089595966,1.5,1,-5
BCwave_b15n1s-5,-21,42.406866392559664,1.5,1,-5
BCwave_b15n1s-5,-20,42.218898544347674,1.5,1,-5
BCwave_b15n1s-5,-19,43.04768557268786,1.5,1,-5
BCwave_b15n1s-5,-18,43.470211441130246,1.5,1,-5
BCwave_b15n1s-5,-17,43.65141331241765,1.5,1,-5
BCwave_b15n1s-5,-16,44.286852536611725,1.5,1,-5
BCwave_b15n1s-5,-15,44.79122865019643,1.5,1,-5
BCwave_b15n1s-5,-14,45.01432936186677,1.5,1,-5
BCwave_b15n1s-5,-13,45.52506737905765,1.5,1,-5
BCwave_b15n1s-5,-12,45.959467370402145,1.5,1,-5
BCwave_b15n1s-5,-11,46.43728260894505,1.5,1,-5
BCwave_b15n1s-5,-10,46.75597515588256,1.5,1,-5
BCwave_b15n1s-5,-9,47.32124637884177,1.5,1,-5
BCwave_b15n1s-5,-8,47.29217093255064,1.5,1,-5
BCwave_b15n1s-5,-7,47.47192441350042,1.5,1,-5
BCwave_b15n1s-5,-6,47.842906693689685,1.5,1,-5
BCwave_b15n1s-5,-5,48.174625956692225,1.5,1,-5
BCwave_b15n1s-5,-4,49.0346951219345,1.5,1,-5
BCwave_b15n1s-5,-3,48.637885900140844,1.5,1,-5
BCwave_b15n1s-5,-2,49.467718886553925,1.5,1,-5
BCwave_b15n1s-5,-1,50.23898988847867,1.5,1,-5
BCwave_b15n1s-5,0,50.225675974627265,1.5,1,-5
BCwave_b15n1s-5,1,50.194212607501306,1.5,1,-5
BCwave_b15n1s-5,2,51.167593273166446,1.5,1,-5
BCwave_b15n1s-5,3,51.75330124265261,1.5,1,-5
BCwave_b15n1s-5,4,49.81670958066891,1.5,1,-5
BCwave_b15n1s-5,5,50.644577129486414,1.5,1,-5
BCwave_b15n1s-5,6,50.322189168306025,1.5,1,-5
BCwave_b15n1s-5,7,49.90341056537736,1.5,1,-5
BCwave_b15n1s-5,8,50.46176634208673,1.5,1,-5
BCwave_b15n1s-5,9,49.310222092038835,1.5,1,-5
BCwave_b15n1s-5,10,49.57758663625008,1.5,1,-5
BCwave_b15n1s-5,11,48.837059787592246,1.5,1,-5
BCwave_b15n1s-5,12,47.18998574538781,1.5,1,-5
BCwave_b15n1s-5,13,47.039391539238004,1.5,1,-5
BCwave_b15n1s-5,14,45.47558773038027,1.5,1,-5
BCwave_b15n1s-5,15,43.88038360729808,1.5,1,-5
BCwave_b15n1s-5,16,43.37080629831579,1.5,1,-5
BCwave_b15n1s-5,17,43.37757807745758,1.5,1,-5
BCwave_b15n1s-5,18,43.234393238837384,1.5,1,-5
BCwave_b15n1s-5,19,43.06436169594319,1.5,1,-5
BCwave_b15n1s-5,20,42.97700802875422,1.5,1,-5
BCwave_b15n1s-5,21,42.87949801238884,1.5,1,-5
BCwave_b15n1s-5,22,42.97660318322026,1.5,1,-5
BCwave_b15n1s-5,23,43.141600746400634,1.5,1,-5
BCwave_b15n1s-5,24,43.52980552139028,1.5,1,-5
BCwave_b15n1s-5,25,44.27257461385762,1.5,1,-5
BCwave_b15n1s-5,26,45.410288562840705,1.5,1,-5
BCwave_b15n1s-5,27,47.12864536449741,1.5,1,-5
BCwave_b15n1s10,-27,44.63066563038806,1.5,1,10
BCwave_b15n1s10,-26,45.99835343668063,1.5,1,10
BCwave_b15n1s10,-25,44.397469814960374,1.5,1,10
BCwave_b15n1s10,-24,46.3395504108845,1.5,1,10
BCwave_b15n1s10,-23,47.126620303542694,1.5,1,10
BCwave_b15n1s10,-22,46.18872202730419,1.5,1,10
BCwave_b15n1s10,-21,47.216603733593104,1.5,1,10
BCwave_b15n1s10,-20,47.99289329121402,1.5,1,10
BCwave_b15n1s10,-19,48.81820846404176,1.5,1,10
BCwave_b15n1s10,-18,50.274244344549935,1.5,1,10
BCwave_b15n1s10,-17,50.12448704118094,1.5,1,10
BCwave_b15n1s10,-16,51.0787792568604,1.5,1,10
BCwave_b15n1s10,-15,51.65667813952557,1.5,1,10
BCwave_b15n1s10,-14,51.4614922919997,1.5,1,10
BCwave_b15n1s10,-13,51.886912987681605,1.5,1,10
BCwave_b15n1s10,-12,52.02384183545415,1.5,1,10
BCwave_b15n1s10,-11,52.39044703321254,1.5,1,10
BCwave_b15n1s10,-10,52.776530232183944,1.5,1,10
BCwave_b15n1s10,-9,52.891029913899324,1.5,1,10
BCwave_b15n1s10,-8,53.45898608955197,1.5,1,10
BCwave_b15n1s10,-7,53.35877170364554,1.5,1,10
BCwave_b15n1s10,-6,53.56683153681093,1.5,1,10
BCwave_b15n1s10,-5,53.874507136117714,1.5,1,10
BCwave_b15n1s10,-4,53.58157706120342,1.5,1,10
BCwave_b15n1s10,-3,53.56251671380658,1.5,1,10
BCwave_b15n1s10,-2,53.85143371426133,1.5,1,10
BCwave_b15n1s10,-1,53.552399847051575,1.5,1,10
BCwave_b15n1s10,0,53.219401618530924,1.5,1,10
BCwave_b15n1s10,1,53.35766365843955,1.5,1,10
BCwave_b15n1s10,2,53.276847259955716,1.5,1,10
BCwave_b15n1s10,3,52.75474240656343,1.5,1,10
BCwave_b15n1s10,4,52.98125191594193,1.5,1,10
BCwave_b15n1s10,5,52.42003578067616,1.5,1,10
BCwave_b15n1s10,6,51.371931389106614,1.5,1,10
BCwave_b15n1s10,7,51.369787968419736,1.5,1,10
BCwave_b15n1s10,8,52.199673582155285,1.5,1,10
BCwave_b15n1s10,9,51.7855118989406,1.5,1,10
BCwave_b15n1s10,10,53.288198605958016,1.5,1,10
BCwave_b15n1s10,11,53.42772760775147,1.5,1,10
BCwave_b15n1s10,12,53.31226763359265,1.5,1,10
BCwave_b15n1s10,13,54.66492413015949,1.5,1,10
BCwave_b15n1s10,14,55.3479796180599,1.5,1,10
BCwave_b15n1s10,15,55.5458993336794,1.5,1,10
BCwave_b15n1s10,16,56.64951935242684,1.5,1,10
BCwave_b15n1s10,17,57.94959722175604,1.5,1,10
BCwave_b15n1s10,18,59.90359974382027,1.5,1,10
BCwave_b15n1s10,19,60.42254929460715,1.5,1,10
BCwave_b15n1s10,20,58.74955977950327,1.5,1,10
BCwave_b15n1s10,21,59.34829429893294,1.5,1,10
BCwave_b15n1s10,22,54.604421067163955,1.5,1,10
BCwave_b15n1s10,23,48.74234697071359,1.5,1,10
BCwave_b15n1s10,24,49.48790977326308,1.5,1,10
BCwave_b15n1s10,25,48.0428157305627,1.5,1,10
BCwave_b15n1s10,26,48.30064579584107,1.5,1,10
BCwave_b15n1s10,27,49.353632941814915,1.5,1,10
BCwave_b15n1s5,-27,43.283416992029,1.5,1,5
BCwave_b15n1s5,-26,44.179612309235104,1.5,1,5
BCwave_b15n1s5,-25,44.09132549910664,1.5,1,5
BCwave_b15n1s5,-24,45.14110187022726,1.5,1,5
BCwave_b15n1s5,-23,46.12950052389649,1.5,1,5
BCwave_b15n1s5,-22,46.09961370754828,1.5,1,5
BCwave_b15n1s5,-21,47.70815975259436,1.5,1,5
BCwave_b15n1s5,-20,47.34133295785065,1.5,1,5
BCwave_b15n1s5,-19,47.75127208298698,1.5,1,5
BCwave_b15n1s5,-18,49.17950301366388,1.5,1,5
BCwave_b15n1s5,-17,48.578476856613534,1.5,1,5
BCwave_b15n1s5,-16,49.20889678204292,1.5,1,5
BCwave_b15n1s5,-15,49.8777642755515,1.5,1,5
BCwave_b15n1s5,-14,49.72039701067601,1.5,1,5
BCwave_b15n1s5,-13,50.864118897878285,1.5,1,5
BCwave_b15n1s5,-12,50.283822300242484,1.5,1,5
BCwave_b15n1s5,-11,50.06378076350101,1.5,1,5
BCwave_b15n1s5,-10,51.16562573320826,1.5,1,5
BCwave_b15n1s5,-9,50.831519801062655,1.5,1,5
BCwave_b15n1s5,-8,50.934708319679025,1.5,1,5
BCwave_b15n1s5,-7,50.988758548223565,1.5,1,5
BCwave_b15n1s5,-6,50.71366118761827,1.5,1,5
BCwave_b15n1s5,-5,51.92731505789297,1.5,1,5
BCwave_b15n1s5,-4,50.83824496738258,1.5,1,5
BCwave_b15n1s5,-3,50.471127298099,1.5,1,5
BCwave_b15n1s5,-2,51.39823092616888,1.5,1,5
BCwave_b15n1s5,-1,49.930035252935696,1.5,1,5
BCwave_b15n1s5,0,50.32811102499629,1.5,1,5
BCwave_b15n1s5,1,49.830816928274224,1.5,1,5
BCwave_b15n1s5,2,50.01673693352927,1.5,1,5
BCwave_b15n1s5,3,49.66985216405428,1.5,1,5
BCwave_b15n1s5,4,50.331890302817,1.5,1,5
BCwave_b15n1s5,5,51.661547465261314,1.5,1,5
BCwave_b15n1s5,6,50.515273606608,1.5,1,5
BCwave_b15n1s5,7,52.161614117910034,1.5,1,5
BCwave_b15n1s5,8,51.427083045669946,1.5,1,5
BCwave_b15n1s5,9,53.922769691802685,1.5,1,5
BCwave_b15n1s5,10,53.0707380790798,1.5,1,5
BCwave_b15n1s5,11,54.88183665705968,1.5,1,5
BCwave_b15n1s5,12,55.931133659146454,1.5,1,5
BCwave_b15n1s5,13,55.2890371513215,1.5,1,5
BCwave_b15n1s5,14,55.64964527595654,1.5,1,5
BCwave_b15n1s5,15,55.73413301548784,1.5,1,5
BCwave_b15n1s5,16,56.0911243041931,1.5,1,5
BCwave_b15n1s5,17,56.0254276089329,1.5,1,5
BCwave_b15n1s5,18,54.9048366479096,1.5,1,5
BCwave_b15n1s5,19,53.67982467368166,1.5,1,5
BCwave_b15n1s5,20,51.00367105522725,1.5,1,5
BCwave_b15n1s5,21,47.91485143379949,1.5,1,5
BCwave_b15n1s5,22,47.628394846793945,1.5,1,5
BCwave_b15n1s5,23,47.55450594301317,1.5,1,5
BCwave_b15n1s5,24,47.68565958206915,1.5,1,5
BCwave_b15n1s5,25,48.411572245200276,1.5,1,5
BCwave_b15n1s5,26,49.69366933164674,1.5,1,5
BCwave_b15n1s5,27,51.093619447827756,1.5,1,5
BCwave_b15n3,-27,39.52526419451838,1.5,3,0
BCwave_b15n3,-26,38.98384379644901,1.5,3,0
BCwave_b15n3,-25,39.986372473155356,1.5,3,0
BCwave_b15n3,-24,40.22482320699629,1.5,3,0
BCwave_b15n3,-23,40.15556400699781,1.5,3,0
BCwave_b15n3,-22,40.44474819837457,1.5,3,0
BCwave_b15n3,-21,40.22638330146192,1.5,3,0
BCwave_b15n3,-20,40.52739351876386,1.5,3,0
BCwave_b15n3,-19,40.34766685209266,1.5,3,0
BCwave_b15n3,-18,40.50024443420816,1.5,3,0
BCwave_b15n3,-17,40.63441876873858,1.5,3,0
BCwave_b15n3,-16,40.902726094389415,1.5,3,0
BCwave_b15n3,-15,40.686681524173736,1.5,3,0
BCwave_b15n3,-14,40.8907074979555,1.5,3,0
BCwave_b15n3,-13,41.38646901492256,1.5,3,0
BCwave_b15n3,-12,41.60596855115269,1.5,3,0
BCwave_b15n3,-11,41.78350800387362,1.5,3,0
BCwave_b15n3,-10,42.15823047560686,1.5,3,0
BCwave_b15n3,-9,42.93151785203488,1.5,3,0
BCwave_b15n3,-8,42.46795159767334,1.5,3,0
BCwave_b15n3,-7,42.319092570967186,1.5,3,0
BCwave_b15n3,-6,41.94894197518764,1.5,3,0
BCwave_b15n3,-5,41.6025706882725,1.5,3,0
BCwave_b15n3,-4,40.61441218011924,1.5,3,0
BCwave_b15n3,-3,40.56256700991711,1.5,3,0
BCwave_b15n3,-2,40.15323798261681,1.5,3,0
BCwave_b15n3,-1,39.05883450988529,1.5,3,0
BCwave_b15n3,0,38.443886239325856,1.5,3,0
BCwave_b15n3,1,37.302160268535594,1.5,3,0
BCwave_b15n3,2,36.45438156851492,1.5,3,0
BCwave_b15n3,3,35.4890701790853,1.5,3,0
BCwave_b15n3,4,34.72573004976335,1.5,3,0
BCwave_b15n3,5,33.72167236041671,1.5,3,0
BCwave_b15n3,6,33.0501555014513,1.5,3,0
BCwave_b15n3,7,32.9175614811028,1.5,3,0
BCwave_b15n3,8,33.242168756445714,1.5,3,0
BCwave_b15n3,9,33.65679363983839,1.5,3,0
BCwave_b15n3,10,34.14973738697263,1.5,3,0
BCwave_b15n3,11,34.64663452481318,1.5,3,0
BCwave_b15n3,12,35.097256157389275,1.5,3,0
BCwave_b15n3,13,35.45199320002591,1.5,3,0
BCwave_b15n3,14,35.97512358288144,1.5,3,0
BCwave_b15n3,15,36.432795047796226,1.5,3,0
BCwave_b15n3,16,36.82613462499212,1.5,3,0
BCwave_b15n3,17,37.218619945540425,1.5,3,0
BCwave_b15n3,18,37.6178361186958,1.5,3,0
BCwave_b15n3,19,38.1115109296163,1.5,3,0
BCwave_b15n3,20,38.693613070884076,1.5,3,0
BCwave_b15n3,21,39.13700154515875,1.5,3,0
BCwave_b15n3,22,39.36291651619171,1.5,3,0
BCwave_b15n3,23,39.496863259969594,1.5,3,0
BCwave_b15n3,24,39.57866331560956,1.5,3,0
BCwave_b15n3,25,39.622564836754854,1.5,3,0
BCwave_b15n3,26,39.5359624212409,1.5,3,0
BCwave_b15n3,27,39.75508210629806,1.5,3,0
BCwave_b15n3s-5,-27,36.44943781889042,1.5,3,-5
BCwave_b15n3s-5,-26,36.500605472769365,1.5,3,-5
BCwave_b15n3s-5,-25,36.75326003916819,1.5,3,-5
BCwave_b15n3s-5,-24,36.8228275415467,1.5,3,-5
BCwave_b15n3s-5,-23,37.20571544976649,1.5,3,-5
BCwave_b15n3s-5,-22,36.91813683957423,1.5,3,-5
BCwave_b15n3s-5,-21,37.321248665505394,1.5,3,-5
BCwave_b15n3s-5,-20,37.321168302220116,1.5,3,-5
BCwave_b15n3s-5,-19,37.653283889881024,1.5,3,-5
BCwave_b15n3s-5,-18,37.665823153256774,1.5,3,-5
BCwave_b15n3s-5,-17,38.943140182766946,1.5,3,-5
BCwave_b15n3s-5,-16,39.22346047177556,1.5,3,-5
BCwave_b15n3s-5,-15,39.04795755001718,1.5,3,-5
BCwave_b15n3s-5,-14,38.941086759874956,1.5,3,-5
BCwave_b15n3s-5,-13,39.409957511021844,1.5,3,-5
BCwave_b15n3s-5,-12,39.56645413655945,1.5,3,-5
BCwave_b15n3s-5,-11,38.81933715142154,1.5,3,-5
BCwave_b15n3s-5,-10,38.00212841858447,1.5,3,-5
BCwave_b15n3s-5,-9,37.630242215055794,1.5,3,-5
BCwave_b15n3s-5,-8,37.25416070356029,1.5,3,-5
BCwave_b15n3s-5,-7,36.39350205652943,1.5,3,-5
BCwave_b15n3s-5,-6,36.1809359080867,1.5,3,-5
BCwave_b15n3s-5,-5,35.36314255607069,1.5,3,-5
BCwave_b15n3s-5,-4,34.61234951552565,1.5,3,-5
BCwave_b15n3s-5,-3,34.15961644453376,1.5,3,-5
BCwave_b15n3s-5,-2,33.43203609203224,1.5,3,-5
BCwave_b15n3s-5,-1,32.60202314433406,1.5,3,-5
BCwave_b15n3s-5,0,32.169857407111586,1.5,3,-5
BCwave_b15n3s-5,1,31.527210307535572,1.5,3,-5
BCwave_b15n3s-5,2,31.433456504747205,1.5,3,-5
BCwave_b15n3s-5,3,31.24059744005134,1.5,3,-5
BCwave_b15n3s-5,4,31.539180047000517,1.5,3,-5
BCwave_b15n3s-5,5,31.84923566473296,1.5,3,-5
BCwave_b15n3s-5,6,32.14150289159284,1.5,3,-5
BCwave_b15n3s-5,7,32.39446897620159,1.5,3,-5
BCwave_b15n3s-5,8,32.62426078833686,1.5,3,-5
BCwave_b15n3s-5,9,32.871794089036435,1.5,3,-5
BCwave_b15n3s-5,10,33.05710006258947,1.5,3,-5
BCwave_b15n3s-5,11,33.215776244382596,1.5,3,-5
BCwave_b15n3s-5,12,33.40479473218616,1.5,3,-5
BCwave_b15n3s-5,13,33.716603448738134,1.5,3,-5
BCwave_b15n3s-5,14,34.00373140952929,1.5,3,-5
BCwave_b15n3s-5,15,34.288377209040654,1.5,3,-5
BCwave_b15n3s-5,16,34.53904176670993,1.5,3,-5
BCwave_b15n3s-5,17,34.71287009728992,1.5,3,-5
BCwave_b15n3s10,-27,36.45405152552971,1.5,3,10
BCwave_b15n3s10,-26,36.488401037111736,1.5,3,10
BCwave_b15n3s10,-25,37.53613177893329,1.5,3,10
BCwave_b15n3s10,-24,38.31832340056307,1.5,3,10
BCwave_b15n3s10,-23,37.635739948928645,1.5,3,10
BCwave_b15n3s10,-22,38.34922596876514,1.5,3,10
BCwave_b15n3s10,-21,38.925192275323354,1.5,3,10
BCwave_b15n3s10,-20,38.904108806639535,1.5,3,10
BCwave_b15n3s10,-19,39.798615620041105,1.5,3,10
BCwave_b15n3s10,-18,39.863676676261484,1.5,3,10
BCwave_b15n3s10,-17,40.17519917966182,1.5,3,10
BCwave_b15n3s10,-16,40.71693287315937,1.5,3,10
BCwave_b15n3s10,-15,41.88718943453883,1.5,3,10
BCwave_b15n3s10,-14,42.22660737330855,1.5,3,10
BCwave_b15n3s10,-13,41.92291455278909,1.5,3,10
BCwave_b15n3s10,-12,42.20485827308905,1.5,3,10
BCwave_b15n3s10,-11,42.79111844169937,1.5,3,10
BCwave_b15n3s10,-10,43.96520527926827,1.5,3,10
BCwave_b15n3s10,-9,44.36502351218295,1.5,3,10
BCwave_b15n3s10,-8,44.74513287614773,1.5,3,10
BCwave_b15n3s10,-7,44.313571246866935,1.5,3,10
BCwave_b15n3s10,-6,44.83963583832819,1.5,3,10
BCwave_b15n3s10,-5,45.50829756898188,1.5,3,10
BCwave_b15n3s10,-4,46.19746651721994,1.5,3,10
BCwave_b15n3s10,-3,45.057566752753694,1.5,3,10
BCwave_b15n3s10,-2,46.522778607428094,1.5,3,10
BCwave_b15n3s10,-1,46.82700221376165,1.5,3,10
BCwave_b15n3s10,0,45.21684468189321,1.5,3,10
BCwave_b15n3s10,1,46.468893976162434,1.5,3,10
BCwave_b15n3s10,2,46.07653760939784,1.5,3,10
BCwave_b15n3s10,3,44.475053145056606,1.5,3,10
BCwave_b15n3s10,4,45.32069018166175,1.5,3,10
BCwave_b15n3s10,5,43.90679088062014,1.5,3,10
BCwave_b15n3s10,6,45.327503224313915,1.5,3,10
BCwave_b15n3s10,7,43.57498972878147,1.5,3,10
BCwave_b15n3s10,8,43.81871154717649,1.5,3,10
BCwave_b15n3s10,9,42.355541972090386,1.5,3,10
BCwave_b15n3s10,10,42.74330900464314,1.5,3,10
BCwave_b15n3s10,11,40.735920577495875,1.5,3,10
BCwave_b15n3s10,12,39.90389977168338,1.5,3,10
BCwave_b15n3s10,13,38.33221664863738,1.5,3,10
BCwave_b15n3s10,14,37.81703418200343,1.5,3,10
BCwave_b15n3s10,15,38.13892858046947,1.5,3,10
BCwave_b15n3s10,16,38.303032875990546,1.5,3,10
BCwave_b15n3s10,17,38.444148304991934,1.5,3,10
BCwave_b15n3s10,18,38.521477148773556,1.5,3,10
BCwave_b15n3s10,19,38.58202382793168,1.5,3,10
BCwave_b15n3s10,20,38.50346729653349,1.5,3,10
BCwave_b15n3s10,21,38.27852454746351,1.5,3,10
BCwave_b15n3s10,22,38.45245297817517,1.5,3,10
BCwave_b15n3s10,23,38.60186621155364,1.5,3,10
BCwave_b15n3s10,24,38.66895178481915,1.5,3,10
BCwave_b15n3s10,25,38.68419665417092,1.5,3,10
BCwave_b15n3s10,26,38.876246595177456,1.5,3,10
BCwave_b15n3s10,27,39.271290626838315,1.5,3,10
BCwave_b15n3s5,-27,39.72724139568343,1.5,3,5
BCwave_b15n3s5,-26,40.52567654756987,1.5,3,5
BCwave_b15n3s5,-25,40.36210502678182,1.5,3,5
BCwave_b15n3s5,-24,40.971343523640996,1.5,3,5
BCwave_b15n3s5,-23,40.92495936876572,1.5,3,5
BCwave_b15n3s5,-22,41.05576897593528,1.5,3,5
BCwave_b15n3s5,-21,41.35135487684216,1.5,3,5
BCwave_b15n3s5,-20,42.13115165581602,1.5,3,5
BCwave_b15n3s5,-19,42.29461873457189,1.5,3,5
BCwave_b15n3s5,-18,41.81341299794687,1.5,3,5
BCwave_b15n3s5,-17,41.588819136680094,1.5,3,5
BCwave_b15n3s5,-16,41.74104954113884,1.5,3,5
BCwave_b15n3s5,-15,42.12285737812988,1.5,3,5
BCwave_b15n3s5,-14,43.208421815959674,1.5,3,5
BCwave_b15n3s5,-13,43.288421324852685,1.5,3,5
BCwave_b15n3s5,-12,43.33496170587808,1.5,3,5
BCwave_b15n3s5,-11,43.487906443774165,1.5,3,5
BCwave_b15n3s5,-10,43.6874919138731,1.5,3,5
BCwave_b15n3s5,-9,43.73912454959819,1.5,3,5
BCwave_b15n3s5,-8,43.85619668545724,1.5,3,5
BCwave_b15n3s5,-7,43.88159174748286,1.5,3,5
BCwave_b15n3s5,-6,43.99070814299018,1.5,3,5
BCwave_b15n3s5,-5,44.579918222546176,1.5,3,5
BCwave_b15n3s5,-4,44.644574961155215,1.5,3,5
BCwave_b15n3s5,-3,44.70693273561613,1.5,3,5
BCwave_b15n3s5,-2,45.10648242355605,1.5,3,5
BCwave_b15n3s5,-1,44.82243584883351,1.5,3,5
BCwave_b15n3s5,0,43.742460336086026,1.5,3,5
BCwave_b15n3s5,1,43.55463449864831,1.5,3,5
BCwave_b15n3s5,2,43.383708777861216,1.5,3,5
BCwave_b15n3s5,3,42.74356146493739,1.5,3,5
BCwave_b15n3s5,4,42.89340195395525,1.5,3,5
BCwave_b15n3s5,5,41.61260836574491,1.5,3,5
BCwave_b15n3s5,6,41.441180724870414,1.5,3,5
BCwave_b15n3s5,7,39.794748223438226,1.5,3,5
BCwave_b15n3s5,8,39.31122651424366,1.5,3,5
BCwave_b15n3s5,9,37.82210095868725,1.5,3,5
BCwave_b15n3s5,10,36.933383689191885,1.5,3,5
BCwave_b15n3s5,11,35.66313138201554,1.5,3,5
BCwave_b15n3s5,12,35.7570000697203,1.5,3,5
BCwave_b15n3s5,13,35.78669044092009,1.5,3,5
BCwave_b15n3s5,14,35.74624244103947,1.5,3,5
BCwave_b15n3s5,15,35.66992070540865,1.5,3,5
BCwave_b15n3s5,16,35.61588507987215,1.5,3,5
BCwave_b15n3s5,17,35.99331616199472,1.5,3,5
BCwave_b15n3s5,18,36.61696252664318,1.5,3,5
BCwave_b15n3s5,19,37.32249143797046,1.5,3,5
BCwave_b15n3s5,20,37.92306837024195,1.5,3,5
BCwave_b15n3s5,21,38.52631211372948,1.5,3,5
BCwave_b15n3s5,22,39.100894705170994,1.5,3,5
BCwave_b15n3s5,23,39.53324274315154,1.5,3,5
BCwave_b15n3s5,24,39.84788566960124,1.5,3,5
BCwave_b15n3s5,25,40.43548928928085,1.5,3,5
BCwave_b15n3s5,26,41.469626458800924,1.5,3,5
BCwave_b15n3s5,27,42.41488308905722,1.5,3,5
BCwave_b15n6,-27,33.61518806871544,1.5,6,0
BCwave_b15n6,-26,33.278166903708744,1.5,6,0
BCwave_b15n6,-25,33.54857968658797,1.5,6,0
BCwave_b15n6,-24,33.64449484827966,1.5,6,0
BCwave_b15n6,-23,33.5227386287731,1.5,6,0
BCwave_b15n6,-22,33.78095584402314,1.5,6,0
BCwave_b15n6,-21,33.94639580519104,1.5,6,0
BCwave_b15n6,-20,34.33939982892181,1.5,6,0
BCwave_b15n6,-19,34.17398039247243,1.5,6,0
BCwave_b15n6,-18,34.584902836502785,1.5,6,0
BCwave_b15n6,-17,34.551716060649696,1.5,6,0
BCwave_b15n6,-16,34.70125466078654,1.5,6,0
BCwave_b15n6,-15,34.863453430612296,1.5,6,0
BCwave_b15n6,-14,35.682542887948046,1.5,6,0
BCwave_b15n6,-13,36.510342357563715,1.5,6,0
BCwave_b15n6,-12,36.617294300193905,1.5,6,0
BCwave_b15n6,-11,36.91701666893438,1.5,6,0
BCwave_b15n6,-10,35.89126834122857,1.5,6,0
BCwave_b15n6,-9,35.93793394544476,1.5,6,0
BCwave_b15n6,-8,36.38124860819031,1.5,6,0
BCwave_b15n6,-7,36.01533575944077,1.5,6,0
BCwave_b15n6,-6,35.0066801789171,1.5,6,0
BCwave_b15n6,-5,34.848075378230064,1.5,6,0
BCwave_b15n6,-4,34.14740940202446,1.5,6,0
BCwave_b15n6,-3,33.70317858753799,1.5,6,0
BCwave_b15n6,-2,33.14627274238774,1.5,6,0
BCwave_b15n6,-1,32.82367484434693,1.5,6,0
BCwave_b15n6,0,32.33371037217112,1.5,6,0
BCwave_b15n6,1,31.834904340268448,1.5,6,0
BCwave_b15n6,2,31.336705740028602,1.5,6,0
BCwave_b15n6,3,30.834838705506844,1.5,6,0
BCwave_b15n6,4,30.17076549312262,1.5,6,0
BCwave_b15n6,5,30.05196504392834,1.5,6,0
BCwave_b15n6,6,30.35129346932152,1.5,6,0
BCwave_b15n6,7,30.51599919706307,1.5,6,0
BCwave_b15n6,8,30.90838649177073,1.5,6,0
BCwave_b15n6,9,31.10499214589086,1.5,6,0
BCwave_b15n6,10,31.071994449390886,1.5,6,0
BCwave_b15n6,11,31.070982558654045,1.5,6,0
BCwave_b15n6,12,31.122709985495856,1.5,6,0
BCwave_b15n6,13,30.924117113889018,1.5,6,0
BCwave_b15n6,14,30.551445068701476,1.5,6,0
BCwave_b15n6,15,30.08880688200335,1.5,6,0
BCwave_b15n6,16,30.27825386919859,1.5,6,0
BCwave_b15n6,17,30.469081680969857,1.5,6,0
BCwave_b15n6,18,30.615433337585554,1.5,6,0
BCwave_b15n6,19,30.653123673651077,1.5,6,0
BCwave_b15n6,20,30.618615456099423,1.5,6,0
BCwave_b15n6,21,30.650769164183643,1.5,6,0
BCwave_b15n6,22,31.287961129372384,1.5,6,0
BCwave_b15n6,23,31.86986659590411,1.5,6,0
BCwave_b15n6,24,32.393867986134694,1.5,6,0
BCwave_b15n6,25,32.75785562903845,1.5,6,0
BCwave_b15n6,26,33.109264307741604,1.5,6,0
BCwave_b15n6,27,33.61589260973541,1.5,6,0
BCwave_b15n6s10,-27,37.47100150367816,1.5,6,10
BCwave_b15n6s10,-26,37.86353816180953,1.5,6,10
BCwave_b15n6s10,-25,38.23619997287182,1.5,6,10
BCwave_b15n6s10,-24,38.03828652803963,1.5,6,10
BCwave_b15n6s10,-23,38.18417224225772,1.5,6,10
BCwave_b15n6s10,-22,37.93800692454417,1.5,6,10
BCwave_b15n6s10,-21,37.2645183935734,1.5,6,10
BCwave_b15n6s10,-20,36.91293832261279,1.5,6,10
BCwave_b15n6s10,-19,36.79813987745125,1.5,6,10
BCwave_b15n6s10,-18,36.41734970130106,1.5,6,10
BCwave_b15n6s10,-17,36.324288721958375,1.5,6,10
BCwave_b15n6s10,-16,36.69061514652025,1.5,6,10
BCwave_b15n6s10,-15,36.44238988356061,1.5,6,10
BCwave_b15n6s10,-14,37.23272962395993,1.5,6,10
BCwave_b15n6s10,-13,37.20239410300429,1.5,6,10
BCwave_b15n6s10,-12,38.046158936073255,1.5,6,10
BCwave_b15n6s10,-11,39.33116444283088,1.5,6,10
BCwave_b15n6s10,-10,40.04216070029519,1.5,6,10
BCwave_b15n6s10,-9,40.17897939190018,1.5,6,10
BCwave_b15n6s10,-8,40.558121877395706,1.5,6,10
BCwave_b15n6s10,-7,39.91657726510397,1.5,6,10
BCwave_b15n6s10,-6,40.703384386306986,1.5,6,10
BCwave_b15n6s10,-5,40.457809454749004,1.5,6,10
BCwave_b15n6s10,-4,38.71235179537647,1.5,6,10
BCwave_b15n6s10,-3,39.752722533002476,1.5,6,10
BCwave_b15n6s10,-2,39.44479548902522,1.5,6,10
BCwave_b15n6s10,-1,38.36311554427877,1.5,6,10
BCwave_b15n6s10,0,39.2301859381394,1.5,6,10
BCwave_b15n6s10,1,38.36290787474342,1.5,6,10
BCwave_b15n6s10,2,37.891563425666796,1.5,6,10
BCwave_b15n6s10,3,37.7724543056151,1.5,6,10
BCwave_b15n6s10,4,36.83308855082203,1.5,6,10
BCwave_b15n6s10,5,36.84334009660002,1.5,6,10
BCwave_b15n6s10,6,35.25919457747482,1.5,6,10
BCwave_b15n6s10,7,35.19700272562246,1.5,6,10
BCwave_b15n6s10,8,34.039020433374695,1.5,6,10
BCwave_b15n6s10,9,33.25284747256477,1.5,6,10
BCwave_b15n6s10,10,32.30783702738584,1.5,6,10
BCwave_b15n6s10,11,31.80349882814066,1.5,6,10
BCwave_b15n6s10,12,32.14036264632101,1.5,6,10
BCwave_b15n6s10,13,32.338005467496515,1.5,6,10
BCwave_b15n6s10,14,32.607222163762934,1.5,6,10
BCwave_b15n6s10,15,33.242247334103226,1.5,6,10
BCwave_b15n6s10,16,33.75661703319345,1.5,6,10
BCwave_b15n6s10,17,34.188180597769616,1.5,6,10
BCwave_b15n6s10,18,34.43552720728421,1.5,6,10
BCwave_b15n6s10,19,34.423579210003744,1.5,6,10
BCwave_b15n6s10,20,34.275156506837384,1.5,6,10
BCwave_b15n6s10,21,34.097578588417946,1.5,6,10
BCwave_b15n6s10,22,34.165968060131604,1.5,6,10
BCwave_b15n6s10,23,34.37057714952275,1.5,6,10
BCwave_b15n6s10,24,34.76892346941001,1.5,6,10
BCwave_b15n6s10,25,35.16986103896171,1.5,6,10
BCwave_b15n6s10,26,35.46218865779978,1.5,6,10
BCwave_b15n6s10,27,35.67929436562993,1.5,6,10
BCwave_b15n6s5,-27,36.58185181190862,1.5,6,5
BCwave_b15n6s5,-26,36.23464792483882,1.5,6,5
BCwave_b15n6s5,-25,36.26754013081677,1.5,6,5
BCwave_b15n6s5,-24,36.306028865307574,1.5,6,5
BCwave_b15n6s5,-23,35.80837939351936,1.5,6,5
BCwave_b15n6s5,-22,35.11532919714859,1.5,6,5
BCwave_b15n6s5,-21,35.418095055210806,1.5,6,5
BCwave_b15n6s5,-20,35.396131345138315,1.5,6,5
BCwave_b15n6s5,-19,34.802231233124004,1.5,6,5
BCwave_b15n6s5,-18,34.159501631072985,1.5,6,5
BCwave_b15n6s5,-17,34.97648478209116,1.5,6,5
BCwave_b15n6s5,-16,35.37381749832655,1.5,6,5
BCwave_b15n6s5,-15,35.629280911495925,1.5,6,5
BCwave_b15n6s5,-14,35.90258895730897,1.5,6,5
BCwave_b15n6s5,-13,36.1893237512684,1.5,6,5
BCwave_b15n6s5,-12,37.64508523025292,1.5,6,5
BCwave_b15n6s5,-11,38.04677781924071,1.5,6,5
BCwave_b15n6s5,-10,37.5651019703256,1.5,6,5
BCwave_b15n6s5,-9,37.81640196131106,1.5,6,5
BCwave_b15n6s5,-8,38.42274224972587,1.5,6,5
BCwave_b15n6s5,-7,38.916341338852156,1.5,6,5
BCwave_b15n6s5,-6,38.47148466421365,1.5,6,5
BCwave_b15n6s5,-5,38.26039238271977,1.5,6,5
BCwave_b15n6s5,-4,38.09181619640362,1.5,6,5
BCwave_b15n6s5,-3,38.06639034387282,1.5,6,5
BCwave_b15n6s5,-2,36.629978911918634,1.5,6,5
BCwave_b15n6s5,-1,36.72684751898877,1.5,6,5
BCwave_b15n6s5,0,36.303155818890154,1.5,6,5
BCwave_b15n6s5,1,35.456877293850866,1.5,6,5
BCwave_b15n6s5,2,35.184310262641475,1.5,6,5
BCwave_b15n6s5,3,34.425903825207705,1.5,6,5
BCwave_b15n6s5,4,34.29644224185625,1.5,6,5
BCwave_b15n6s5,5,33.67765357719674,1.5,6,5
BCwave_b15n6s5,6,32.91707236771569,1.5,6,5
BCwave_b15n6s5,7,32.33985417652053,1.5,6,5
BCwave_b15n6s5,8,31.549540005694404,1.5,6,5
BCwave_b15n6s5,9,30.928361656301693,1.5,6,5
BCwave_b15n6s5,10,30.5863360162526,1.5,6,5
BCwave_b15n6s5,11,30.61378594204997,1.5,6,5
BCwave_b15n6s5,12,30.863735459110536,1.5,6,5
BCwave_b15n6s5,13,31.07150673996291,1.5,6,5
BCwave_b15n6s5,14,31.24674429326859,1.5,6,5
BCwave_b15n6s5,15,31.531917989484043,1.5,6,5
BCwave_b15n6s5,16,31.799110972808062,1.5,6,5
BCwave_b15n6s5,17,32.03608903292841,1.5,6,5
BCwave_b15n6s5,18,32.287882211913434,1.5,6,5
BCwave_b15n6s5,19,32.53582545919356,1.5,6,5
BCwave_b15n6s5,20,32.7256697237216,1.5,6,5
BCwave_b15n6s5,21,32.88233077787151,1.5,6,5
BCwave_b15n6s5,22,33.05347734339966,1.5,6,5
BCwave_b15n6s5,23,33.27753686226205,1.5,6,5
BCwave_b15n6s5,24,33.4613597425433,1.5,6,5
BCwave_b15n6s5,25,33.55460532462626,1.5,6,5
BCwave_b15n6s5,26,33.61101755804334,1.5,6,5
BCwave_b15n6s5,27,33.68622558565325,1.5,6,5
BCwave_b1n1,-27,37.85334921805055,1.0,1,0
BCwave_b1n1,-26,38.61468520349871,1.0,1,0
BCwave_b1n1,-25,38.79826507660841,1.0,1,0
BCwave_b1n1,-24,38.503830233277945,1.0,1,0
BCwave_b1n1,-23,38.180849398754944,1.0,1,0
BCwave_b1n1,-22,38.07954240214759,1.0,1,0
BCwave_b1n1,-21,38.12423462525175,1.0,1,0
BCwave_b1n1,-20,38.231524009827524,1.0,1,0
BCwave_b1n1,-19,38.44027117705472,1.0,1,0
BCwave_b1n1,-18,37.92173730654402,1.0,1,0
BCwave_b1n1,-17,38.26905173282037,1.0,1,0
BCwave_b1n1,-16,38.068786289985745,1.0,1,0
BCwave_b1n1,-15,38.22574464820355,1.0,1,0
BCwave_b1n1,-14,38.36513340233735,1.0,1,0
BCwave_b1n1,-13,38.68971754122139,1.0,1,0
BCwave_b1n1,-12,39.06082263457034,1.0,1,0
BCwave_b1n1,-11,39.59861670307126,1.0,1,0
BCwave_b1n1,-10,39.506822448791304,1.0,1,0
BCwave_b1n1,-9,39.50421097437113,1.0,1,0
BCwave_b1n1,-8,39.579730738232946,1.0,1,0
BCwave_b1n1,-7,39.758673790291525,1.0,1,0
BCwave_b1n1,-6,40.470960762393794,1.0,1,0
BCwave_b1n1,-5,41.11841194911702,1.0,1,0
BCwave_b1n1,-4,41.04373814699993,1.0,1,0
BCwave_b1n1,-3,41.64656151887686,1.0,1,0
BCwave_b1n1,-2,41.7582603525353,1.0,1,0
BCwave_b1n1,-1,42.741484262856005,1.0,1,0
BCwave_b1n1,0,42.66897389040855,1.0,1,0
BCwave_b1n1,1,43.63997579247812,1.0,1,0
BCwave_b1n1,2,43.498717085284035,1.0,1,0
BCwave_b1n1,3,43.44257377372126,1.0,1,0
BCwave_b1n1,4,43.08034493017383,1.0,1,0
BCwave_b1n1,5,44.288982914388235,1.0,1,0
BCwave_b1n1,6,43.17270739348298,1.0,1,0
BCwave_b1n1,7,42.068661016274866,1.0,1,0
BCwave_b1n1,8,42.76630800565804,1.0,1,0
BCwave_b1n1,9,42.033643605280034,1.0,1,0
BCwave_b1n1,10,41.214196680295025,1.0,1,0
BCwave_b1n1,11,40.75049286418309,1.0,1,0
BCwave_b1n1,12,40.203394178751886,1.0,1,0
BCwave_b1n1,13,40.20846291235153,1.0,1,0
BCwave_b1n1,14,39.87524228228961,1.0,1,0
BCwave_b1n1,15,39.301831996362594,1.0,1,0
BCwave_b1n1,16,38.79525171603384,1.0,1,0
BCwave_b1n1,17,39.06601721357635,1.0,1,0
BCwave_b1n1,18,39.39449636855601,1.0,1,0
BCwave_b1n1,19,39.37218200778993,1.0,1,0
BCwave_b1n1,20,39.84913476201624,1.0,1,0
BCwave_b1n1,21,40.34237214728607,1.0,1,0
BCwave_b1n1,22,40.84714075656157,1.0,1,0
BCwave_b1n1,23,41.37902777496513,1.0,1,0
BCwave_b1n1,24,41.93883147410855,1.0,1,0
BCwave_b1n1,25,42.4759927822897,1.0,1,0
BCwave_b1n1,26,42.9826946809362,1.0,1,0
BCwave_b1n1,27,43.44846329640488,1.0,1,0
BCwave_b1n1s-10,-27,37.20128457488162,1.0,1,-10
BCwave_b1n1s-10,-26,37.449494104902485,1.0,1,-10
BCwave_b1n1s-10,-25,37.79327284397457,1.0,1,-10
BCwave_b1n1s-10,-24,38.160988023026746,1.0,1,-10
BCwave_b1n1s-10,-23,38.1874593604032,1.0,1,-10
BCwave_b1n1s-10,-22,38.41756753110127,1.0,1,-10
BCwave_b1n1s-10,-21,38.58633120927269,1.0,1,-10
BCwave_b1n1s-10,-20,38.449775825063035,1.0,1,-10
BCwave_b1n1s-10,-19,38.6468130854572,1.0,1,-10
BCwave_b1n1s-10,-18,38.91809151733053,1.0,1,-10
BCwave_b1n1s-10,-17,38.50971255903087,1.0,1,-10
BCwave_b1n1s-10,-16,38.60754272461012,1.0,1,-10
BCwave_b1n1s-10,-15,38.3097900597707,1.0,1,-10
BCwave_b1n1s-10,-14,37.94634000998,1.0,1,-10
BCwave_b1n1s-10,-13,38.07622597513318,1.0,1,-10
BCwave_b1n1s-10,-12,38.551452694195625,1.0,1,-10
BCwave_b1n1s-10,-11,37.85307725807829,1.0,1,-10
BCwave_b1n1s-10,-10,37.024470273325505,1.0,1,-10
BCwave_b1n1s-10,-9,36.13832041245289,1.0,1,-10
BCwave_b1n1s-10,-8,35.865198540965885,1.0,1,-10
BCwave_b1n1s-10,-7,36.9424206171355,1.0,1,-10
BCwave_b1n1s-10,-6,37.556195057813895,1.0,1,-10
BCwave_b1n1s-10,-5,36.66461788750218,1.0,1,-10
BCwave_b1n1s-10,-4,37.57296438363228,1.0,1,-10
BCwave_b1n1s-10,-3,38.46263144590218,1.0,1,-10
BCwave_b1n1s-10,-2,38.814353195783234,1.0,1,-10
BCwave_b1n1s-10,-1,38.389615027532386,1.0,1,-10
BCwave_b1n1s-10,0,37.981933769440786,1.0,1,-10
BCwave_b1n1s-10,1,38.71242773278177,1.0,1,-10
BCwave_b1n1s-10,2,38.75500851818032,1.0,1,-10
BCwave_b1n1s-5,-27,36.35117964017812,1.0,1,-5
BCwave_b1n1s-5,-26,36.20246728532053,1.0,1,-5
BCwave_b1n1s-5,-25,36.42025554981203,1.0,1,-5
BCwave_b1n1s-5,-24,36.245605518997934,1.0,1,-5
BCwave_b1n1s-5,-23,36.06036695576601,1.0,1,-5
BCwave_b1n1s-5,-22,36.316270213094036,1.0,1,-5
BCwave_b1n1s-5,-21,36.56724631842974,1.0,1,-5
BCwave_b1n1s-5,-20,36.76475189859661,1.0,1,-5
BCwave_b1n1s-5,-19,37.059290232679565,1.0,1,-5
BCwave_b1n1s-5,-18,37.27893576323747,1.0,1,-5
BCwave_b1n1s-5,-17,37.62204246592262,1.0,1,-5
BCwave_b1n1s-5,-16,38.082958127126794,1.0,1,-5
BCwave_b1n1s-5,-15,38.6333940777771,1.0,1,-5
BCwave_b1n1s-5,-14,38.82990714476243,1.0,1,-5
BCwave_b1n1s-5,-13,38.65233054045436,1.0,1,-5
BCwave_b1n1s-5,-12,38.820498220343595,1.0,1,-5
BCwave_b1n1s-5,-11,38.75677517123209,1.0,1,-5
BCwave_b1n1s-5,-10,38.9557056992148,1.0,1,-5
BCwave_b1n1s-5,-9,39.057538284060584,1.0,1,-5
BCwave_b1n1s-5,-8,39.43530473528686,1.0,1,-5
BCwave_b1n1s-5,-7,39.90676858992528,1.0,1,-5
BCwave_b1n1s-5,-6,39.966484876962014,1.0,1,-5
BCwave_b1n1s-5,-5,40.37605293945772,1.0,1,-5
BCwave_b1n1s-5,-4,40.266618893154096,1.0,1,-5
BCwave_b1n1s-5,-3,40.43173914793175,1.0,1,-5
BCwave_b1n1s-5,-2,40.784509901000966,1.0,1,-5
BCwave_b1n1s-5,-1,41.37544769710858,1.0,1,-5
BCwave_b1n1s-5,0,41.163262866656595,1.0,1,-5
BCwave_b1n1s-5,1,41.382378050164284,1.0,1,-5
BCwave_b1n1s-5,2,41.303803334149706,1.0,1,-5
BCwave_b1n1s-5,3,41.62191751292242,1.0,1,-5
BCwave_b1n1s-5,4,41.67032502057076,1.0,1,-5
BCwave_b1n1s-5,5,41.670327304712394,1.0,1,-5
BCwave_b1n1s-5,6,41.20232703637706,1.0,1,-5
BCwave_b1n1s-5,7,40.13481010952683,1.0,1,-5
BCwave_b1n1s-5,8,39.7167093795249,1.0,1,-5
BCwave_b1n1s-5,9,38.69881702995587,1.0,1,-5
BCwave_b1n1s-5,10,37.79751859736583,1.0,1,-5
BCwave_b1n1s-5,11,36.77857305842356,1.0,1,-5
BCwave_b1n1s-5,12,36.8871968949022,1.0,1,-5
BCwave_b1n1s-5,13,35.536163579489674,1.0,1,-5
BCwave_b1n1s-5,14,35.28218520617277,1.0,1,-5
BCwave_b1n1s-5,15,35.23822133506372,1.0,1,-5
BCwave_b1n1s-5,16,35.17782481972654,1.0,1,-5
BCwave_b1n1s-5,17,35.03335065703607,1.0,1,-5
BCwave_b1n1s-5,18,35.49662403084029,1.0,1,-5
BCwave_b1n1s-5,19,35.95694652870986,1.0,1,-5
BCwave_b1n1s-5,20,36.42846812970775,1.0,1,-5
BCwave_b1n1s-5,21,36.77905027653014,1.0,1,-5
BCwave_b1n1s-5,22,36.95662648678516,1.0,1,-5
BCwave_b1n1s-5,23,37.25072356598648,1.0,1,-5
BCwave_b1n1s-5,24,37.301737292912804,1.0,1,-5
BCwave_b1n1s-5,25,37.14147414658377,1.0,1,-5
BCwave_b1n1s-5,26,36.82167289644441,1.0,1,-5
BCwave_b1n1s-5,27,37.257514014601895,1.0,1,-5
BCwave_b1n1s10,-27,44.46251181407718,1.0,1,10
BCwave_b1n1s10,-26,43.84917887813207,1.0,1,10
BCwave_b1n1s10,-25,45.15427149946107,1.0,1,10
BCwave_b1n1s10,-24,44.960512664926014,1.0,1,10
BCwave_b1n1s10,-23,43.72497211054369,1.0,1,10
BCwave_b1n1s10,-22,44.53681683200067,1.0,1,10
BCwave_b1n1s10,-21,44.524959157735665,1.0,1,10
BCwave_b1n1s10,-20,43.81015013626304,1.0,1,10
BCwave_b1n1s10,-19,43.89229327876583,1.0,1,10
BCwave_b1n1s10,-18,44.00851345020595,1.0,1,10
BCwave_b1n1s10,-17,43.60156722940513,1.0,1,10
BCwave_b1n1s10,-16,43.03251776182846,1.0,1,10
BCwave_b1n1s10,-15,42.953407567591434,1.0,1,10
BCwave_b1n1s10,-14,42.238146418960696,1.0,1,10
BCwave_b1n1s10,-13,41.481392737431996,1.0,1,10
BCwave_b1n1s10,-12,42.038230526076134,1.0,1,10
BCwave_b1n1s10,-11,43.28348383865438,1.0,1,10
BCwave_b1n1s10,-10,43.4386604211891,1.0,1,10
BCwave_b1n1s10,-9,42.62278140836584,1.0,1,10
BCwave_b1n1s10,-8,43.938823943201236,1.0,1,10
BCwave_b1n1s10,-7,45.327662605183505,1.0,1,10
BCwave_b1n1s10,-6,45.47817292438599,1.0,1,10
BCwave_b1n1s10,-5,44.38231131523206,1.0,1,10
BCwave_b1n1s10,-4,44.94510759826612,1.0,1,10
BCwave_b1n1s10,-3,46.09797234413409,1.0,1,10
BCwave_b1n1s10,-2,45.32892700599345,1.0,1,10
BCwave_b1n1s10,-1,46.0528957316593,1.0,1,10
BCwave_b1n1s10,0,46.7824052636788,1.0,1,10
BCwave_b1n1s10,1,46.188506384072234,1.0,1,10
BCwave_b1n1s10,2,48.39666831297157,1.0,1,10
BCwave_b1n1s10,3,47.47473199605526,1.0,1,10
BCwave_b1n1s10,4,48.18375797376751,1.0,1,10
BCwave_b1n1s10,5,49.34207822814162,1.0,1,10
BCwave_b1n1s10,6,47.44539038825613,1.0,1,10
BCwave_b1n1s10,7,49.786680232515245,1.0,1,10
BCwave_b1n1s10,8,48.013552292136794,1.0,1,10
BCwave_b1n1s10,9,48.4823719916563,1.0,1,10
BCwave_b1n1s10,10,47.799975771741046,1.0,1,10
BCwave_b1n1s10,11,45.32902908768664,1.0,1,10
BCwave_b1n1s10,12,45.46473826679435,1.0,1,10
BCwave_b1n1s10,13,44.604266239617665,1.0,1,10
BCwave_b1n1s10,14,45.179886718990765,1.0,1,10
BCwave_b1n1s10,15,45.451615869329984,1.0,1,10
BCwave_b1n1s10,16,45.51568188583217,1.0,1,10
BCwave_b1n1s10,17,46.051976260898286,1.0,1,10
BCwave_b1n1s10,18,46.4098460886671,1.0,1,10
BCwave_b1n1s10,19,46.40741878952854,1.0,1,10
BCwave_b1n1s10,20,46.34753885497517,1.0,1,10
BCwave_b1n1s10,21,45.982839309611975,1.0,1,10
BCwave_b1n1s10,22,45.55588328876929,1.0,1,10
BCwave_b1n1s10,23,45.90055583758678,1.0,1,10
BCwave_b1n1s10,24,45.74423684351117,1.0,1,10
BCwave_b1n1s10,25,44.87462942852204,1.0,1,10
BCwave_b1n1s10,26,44.36070149598051,1.0,1,10
BCwave_b1n1s10,27,43.817924783105845,1.0,1,10
BCwave_b1n1s5,-27,41.41766180869044,1.0,1,5
BCwave_b1n1s5,-26,41.02899781161757,1.0,1,5
BCwave_b1n1s5,-25,41.499468067908126,1.0,1,5
BCwave_b1n1s5,-24,41.872383750895025,1.0,1,5
BCwave_b1n1s5,-23,41.252820013206524,1.0,1,5
BCwave_b1n1s5,-22,41.14829593861645,1.0,1,5
BCwave_b1n1s5,-21,41.32225765460102,1.0,1,5
BCwave_b1n1s5,-20,40.984614073759886,1.0,1,5
BCwave_b1n1s5,-19,41.081125028608184,1.0,1,5
BCwave_b1n1s5,-18,40.90449780004594,1.0,1,5
BCwave_b1n1s5,-17,40.211006247639844,1.0,1,5
BCwave_b1n1s5,-16,40.58985984034427,1.0,1,5
BCwave_b1n1s5,-15,40.58141411487208,1.0,1,5
BCwave_b1n1s5,-14,40.3653154342794,1.0,1,5
BCwave_b1n1s5,-13,40.62360092692733,1.0,1,5
BCwave_b1n1s5,-12,41.1458032136034,1.0,1,5
BCwave_b1n1s5,-11,40.834091627511384,1.0,1,5
BCwave_b1n1s5,-10,40.85785508287398,1.0,1,5
BCwave_b1n1s5,-9,41.0713482585991,1.0,1,5
BCwave_b1n1s5,-8,40.996101381963186,1.0,1,5
BCwave_b1n1s5,-7,41.74574824306988,1.0,1,5
BCwave_b1n1s5,-6,42.21934354133768,1.0,1,5
BCwave_b1n1s5,-5,42.41136624714941,1.0,1,5
BCwave_b1n1s5,-4,42.523838716661245,1.0,1,5
BCwave_b1n1s5,-3,43.81960481271613,1.0,1,5
BCwave_b1n1s5,-2,45.152961969042494,1.0,1,5
BCwave_b1n1s5,-1,44.7537295565911,1.0,1,5
BCwave_b1n1s5,0,44.13699058564028,1.0,1,5
BCwave_b1n1s5,1,46.56612437004457,1.0,1,5
BCwave_b1n1s5,2,46.55659290543508,1.0,1,5
BCwave_b1n1s5,3,44.6287430356607,1.0,1,5
BCwave_b1n1s5,4,46.32383904273602,1.0,1,5
BCwave_b1n1s5,5,46.36458829098836,1.0,1,5
BCwave_b1n1s5,6,46.403371286258384,1.0,1,5
BCwave_b1n1s5,7,47.18285404759261,1.0,1,5
BCwave_b1n1s5,8,45.18873192246169,1.0,1,5
BCwave_b1n1s5,9,47.326940044188596,1.0,1,5
BCwave_b1n1s5,10,45.14088414095858,1.0,1,5
BCwave_b1n1s5,11,45.4910309953549,1.0,1,5
BCwave_b1n1s5,12,43.72883516035385,1.0,1,5
BCwave_b1n1s5,13,42.084642240203074,1.0,1,5
BCwave_b1n1s5,14,42.041410736531645,1.0,1,5
BCwave_b1n1s5,15,43.04462488174948,1.0,1,5
BCwave_b1n1s5,16,44.08376165790096,1.0,1,5
BCwave_b1n1s5,17,45.22951720255245,1.0,1,5
BCwave_b1n1s5,18,46.30006758058732,1.0,1,5
BCwave_b1n1s5,19,47.14916433376461,1.0,1,5
BCwave_b1n1s5,20,48.09385847795126,1.0,1,5
BCwave_b1n1s5,21,48.69163934281657,1.0,1,5
BCwave_b1n1s5,22,48.68862119131729,1.0,1,5
BCwave_b1n1s5,23,48.511340473425705,1.0,1,5
BCwave_b1n1s5,24,48.44552530585017,1.0,1,5
BCwave_b1n1s5,25,48.05974768404989,1.0,1,5
BCwave_b1n1s5,26,47.05860026383403,1.0,1,5
BCwave_b1n1s5,27,46.2427613303052,1.0,1,5
BCwave_b1n3,-27,32.478076235111565,1.0,3,0
BCwave_b1n3,-26,32.301030245163176,1.0,3,0
BCwave_b1n3,-25,32.948343116189506,1.0,3,0
BCwave_b1n3,-24,33.12476697167426,1.0,3,0
BCwave_b1n3,-23,32.99442042597731,1.0,3,0
BCwave_b1n3,-22,33.880484436596134,1.0,3,0
BCwave_b1n3,-21,33.65747879730154,1.0,3,0
BCwave_b1n3,-20,32.732181871829674,1.0,3,0
BCwave_b1n3,-19,33.288912504043296,1.0,3,0
BCwave_b1n3,-18,33.70978522422686,1.0,3,0
BCwave_b1n3,-17,34.021014878808074,1.0,3,0
BCwave_b1n3,-16,33.00483442505105,1.0,3,0
BCwave_b1n3,-15,33.96711034366725,1.0,3,0
BCwave_b1n3,-14,33.44007882921212,1.0,3,0
BCwave_b1n3,-13,32.839017018786926,1.0,3,0
BCwave_b1n3,-12,32.849093548898075,1.0,3,0
BCwave_b1n3,-11,32.94566073621459,1.0,3,0
BCwave_b1n3,-10,32.86652511207107,1.0,3,0
BCwave_b1n3,-9,32.926208341792496,1.0,3,0
BCwave_b1n3,-8,32.16469405718512,1.0,3,0
BCwave_b1n3,-7,32.05342780294958,1.0,3,0
BCwave_b1n3,-6,32.678570388701274,1.0,3,0
BCwave_b1n3,-5,33.51666650912936,1.0,3,0
BCwave_b1n3,-4,34.036812148654576,1.0,3,0
BCwave_b1n3,-3,34.61502613832487,1.0,3,0
BCwave_b1n3,-2,34.93513009524046,1.0,3,0
BCwave_b1n3,-1,35.09992745227175,1.0,3,0
BCwave_b1n3,0,35.12693088289142,1.0,3,0
BCwave_b1n3,1,35.19331901707637,1.0,3,0
BCwave_b1n3,2,35.35697761224254,1.0,3,0
BCwave_b1n3,3,35.473877067925514,1.0,3,0
BCwave_b1n3,4,35.51951695110411,1.0,3,0
BCwave_b1n3,5,35.51227204436549,1.0,3,0
BCwave_b1n3,6,35.473862516109925,1.0,3,0
BCwave_b1n3,7,35.429108271703726,1.0,3,0
BCwave_b1n3,8,35.377746377298095,1.0,3,0
BCwave_b1n3,9,35.3196420970057,1.0,3,0
BCwave_b1n3,10,35.236225539457315,1.0,3,0
BCwave_b1n3,11,35.14989094253941,1.0,3,0
BCwave_b1n3s10,-27,32.554968855075415,1.0,3,10
BCwave_b1n3s10,-26,32.416957964714705,1.0,3,10
BCwave_b1n3s10,-25,32.960643232360034,1.0,3,10
BCwave_b1n3s10,-24,32.47380363804891,1.0,3,10
BCwave_b1n3s10,-23,32.76865887664389,1.0,3,10
BCwave_b1n3s10,-22,32.94503751297393,1.0,3,10
BCwave_b1n3s10,-21,33.18236305325052,1.0,3,10
BCwave_b1n3s10,-20,33.83645455648256,1.0,3,10
BCwave_b1n3s10,-19,34.231040526386344,1.0,3,10
BCwave_b1n3s10,-18,34.4056656014986,1.0,3,10
BCwave_b1n3s10,-17,34.19838415561363,1.0,3,10
BCwave_b1n3s10,-16,34.335919113963925,1.0,3,10
BCwave_b1n3s10,-15,34.32954711727254,1.0,3,10
BCwave_b1n3s10,-14,34.56805870540239,1.0,3,10
BCwave_b1n3s10,-13,35.063580260716115,1.0,3,10
BCwave_b1n3s10,-12,35.091771079451206,1.0,3,10
BCwave_b1n3s10,-11,35.053072102483725,1.0,3,10
BCwave_b1n3s10,-10,34.73434679074312,1.0,3,10
BCwave_b1n3s10,-9,34.790907495286945,1.0,3,10
BCwave_b1n3s10,-8,36.071654864090625,1.0,3,10
BCwave_b1n3s10,-7,36.362953142883434,1.0,3,10
BCwave_b1n3s10,-6,35.65446897670093,1.0,3,10
BCwave_b1n3s10,-5,34.915467913526946,1.0,3,10
BCwave_b1n3s10,-4,35.441773390451054,1.0,3,10
BCwave_b1n3s10,-3,35.59049263494516,1.0,3,10
BCwave_b1n3s10,-2,34.494219253094684,1.0,3,10
BCwave_b1n3s10,-1,33.826562299208085,1.0,3,10
BCwave_b1n3s10,0,33.83638301304263,1.0,3,10
BCwave_b1n3s10,1,32.846741423726,1.0,3,10
BCwave_b1n3s10,2,32.64598135965683,1.0,3,10
BCwave_b1n3s10,3,31.924692604434224,1.0,3,10
BCwave_b1n3s10,4,31.05875531129358,1.0,3,10
BCwave_b1n3s10,5,30.974426117628113,1.0,3,10
BCwave_b1n3s10,6,29.968556873004374,1.0,3,10
BCwave_b1n3s10,7,29.81800538030764,1.0,3,10
BCwave_b1n3s10,8,29.77365839794656,1.0,3,10
BCwave_b1n3s10,9,29.689871009967,1.0,3,10
BCwave_b1n3s10,10,29.499808997797516,1.0,3,10
BCwave_b1n3s10,11,29.54426885680534,1.0,3,10
BCwave_b1n3s10,12,29.615216385881975,1.0,3,10
BCwave_b1n3s10,13,29.62347327000031,1.0,3,10
BCwave_b1n3s10,14,29.589885273121943,1.0,3,10
BCwave_b1n3s10,15,30.11088946249423,1.0,3,10
BCwave_b1n3s10,16,30.620811983709995,1.0,3,10
BCwave_b1n3s10,17,31.12176049505025,1.0,3,10
BCwave_b1n3s10,18,31.70302197700749,1.0,3,10
BCwave_b1n3s10,19,32.332365594488415,1.0,3,10
BCwave_b1n3s10,20,32.94217768949257,1.0,3,10
BCwave_b1n3s10,21,33.4805000011624,1.0,3,10
BCwave_b1n3s10,22,33.91765076837517,1.0,3,10
BCwave_b1n3s10,23,34.20877422768571,1.0,3,10
BCwave_b1n3s10,24,34.35053759164465,1.0,3,10
BCwave_b1n3s10,25,34.467828214750284,1.0,3,10
BCwave_b1n3s10,26,34.648544910264945,1.0,3,10
BCwave_b1n3s10,27,35.05393296136008,1.0,3,10
BCwave_b1n3s5,-27,30.420126060168023,1.0,3,5
BCwave_b1n3s5,-26,29.642426793196467,1.0,3,5
BCwave_b1n3s5,-25,29.45885222377766,1.0,3,5
BCwave_b1n3s5,-24,29.041599836805727,1.0,3,5
BCwave_b1n3s5,-23,28.696793822995048,1.0,3,5
BCwave_b1n3s5,-22,28.591911335977038,1.0,3,5
BCwave_b1n3s5,-21,28.3529250663015,1.0,3,5
BCwave_b1n3s5,-20,28.735870549612432,1.0,3,5
BCwave_b1n3s5,-19,28.894038817659258,1.0,3,5
BCwave_b1n3s5,-18,28.630732545122815,1.0,3,5
BCwave_b1n3s5,-17,28.53609788959163,1.0,3,5
BCwave_b1n3s5,-16,28.485257991279376,1.0,3,5
BCwave_b1n3s5,-15,28.76852744084872,1.0,3,5
BCwave_b1n3s5,-14,29.07678411650646,1.0,3,5
BCwave_b1n3s5,-13,29.445259930733016,1.0,3,5
BCwave_b1n3s5,-12,29.884929027023727,1.0,3,5
BCwave_b1n3s5,-11,30.41781577470331,1.0,3,5
BCwave_b1n3s5,-10,30.96740330377854,1.0,3,5
BCwave_b1n3s5,-9,31.47998546250925,1.0,3,5
BCwave_b1n3s5,-8,31.923959572191798,1.0,3,5
BCwave_b1n3s5,-7,32.27799963672402,1.0,3,5
BCwave_b1n3s5,-6,32.529576539617594,1.0,3,5
BCwave_b1n3s5,-5,32.711289755897276,1.0,3,5
BCwave_b1n3s5,-4,32.8627890847456,1.0,3,5
BCwave_b1n3s5,-3,32.996553664606104,1.0,3,5
BCwave_b1n3s5,-2,33.13442445687757,1.0,3,5
BCwave_b1n3s5,-1,33.28760240068437,1.0,3,5
BCwave_b1n3s5,0,33.38831011308367,1.0,3,5
BCwave_b1n3s5,1,33.33055860610976,1.0,3,5
BCwave_b1n3s5,2,33.09250012800034,1.0,3,5
BCwave_b1n3s5,3,32.780301716820205,1.0,3,5
BCwave_b1n3s5,4,32.56996054784512,1.0,3,5
BCwave_b1n3s5,5,32.390241884378796,1.0,3,5
BCwave_b1n3s5,6,32.28713426104194,1.0,3,5
BCwave_b1n3s5,7,32.10539526016989,1.0,3,5
BCwave_b1n3s5,8,31.921519888611556,1.0,3,5
BCwave_b1n3s5,9,31.6030251813687,1.0,3,5
BCwave_b1n3s5,10,31.20224706664869,1.0,3,5
BCwave_b1n3s5,11,31.251307986694858,1.0,3,5
BCwave_b1n3s5,12,31.288814720311,1.0,3,5
BCwave_b1n3s5,13,31.229560105218614,1.0,3,5
BCwave_b1n3s5,14,31.12794565269263,1.0,3,5
BCwave_b1n3s5,15,31.063315223359748,1.0,3,5
BCwave_b1n3s5,16,31.049254587639158,1.0,3,5
BCwave_b1n3s5,17,31.087406564910587,1.0,3,5
BCwave_b1n3s5,18,31.130571367472246,1.0,3,5
BCwave_b1n3s5,19,31.15009073967936,1.0,3,5
BCwave_b1n3s5,20,31.164127568009494,1.0,3,5
BCwave_b1n3s5,21,31.192607315075993,1.0,3,5
BCwave_b1n3s5,22,31.261575496994183,1.0,3,5
BCwave_b1n3s5,23,31.343058001825884,1.0,3,5
BCwave_b1n3s5,24,31.397793225602303,1.0,3,5
BCwave_b1n3s5,25,31.38318090386572,1.0,3,5
BCwave_b1n3s5,26,31.573616626935664,1.0,3,5
BCwave_b1n3s5,27,31.570816461662428,1.0,3,5
BCwave_b1n6s10,-27,30.301623523230276,1.0,6,10
BCwave_b1n6s10,-26,30.45078177566712,1.0,6,10
BCwave_b1n6s10,-25,30.504054939093574,1.0,6,10
BCwave_b1n6s10,-24,31.028224783020605,1.0,6,10
BCwave_b1n6s10,-23,31.427321046477,1.0,6,10
BCwave_b1n6s10,-22,31.67507114737444,1.0,6,10
BCwave_b1n6s10,-21,31.626744645404237,1.0,6,10
BCwave_b1n6s10,-20,31.247541467340994,1.0,6,10
BCwave_b1n6s10,-19,31.85460385556133,1.0,6,10
BCwave_b1n6s10,-18,32.219882819738984,1.0,6,10
BCwave_b1n6s10,-17,32.15589146046527,1.0,6,10
BCwave_b1n6s10,-16,31.746434788976288,1.0,6,10
BCwave_b1n6s10,-15,31.110737534491612,1.0,6,10
BCwave_b1n6s10,-14,30.77472718456735,1.0,6,10
BCwave_b1n6s10,-13,31.15728848326973,1.0,6,10
BCwave_b1n6s10,-12,31.291197598826574,1.0,6,10
BCwave_b1n6s10,-11,30.97034311046228,1.0,6,10
BCwave_b1n6s10,-10,30.516846716075694,1.0,6,10
BCwave_b1n6s10,-9,30.68767439265,1.0,6,10
BCwave_b1n6s10,-8,30.43618401721098,1.0,6,10
BCwave_b1n6s10,-7,30.047934495417405,1.0,6,10
BCwave_b1n6s10,-6,30.130613833397167,1.0,6,10
BCwave_b1n6s10,-5,30.067706239497337,1.0,6,10
BCwave_b1n6s10,-4,29.893930002404446,1.0,6,10
BCwave_b1n6s10,-3,29.988740608559116,1.0,6,10
BCwave_b1n6s10,-2,29.993456610493247,1.0,6,10
BCwave_b1n6s10,-1,29.998761476664246,1.0,6,10
BCwave_b1n6s10,0,30.104987471714477,1.0,6,10
BCwave_b1n6s10,1,30.12377314706437,1.0,6,10
BCwave_b1n6s10,2,30.19499356629638,1.0,6,10
BCwave_b1n6s10,3,30.591572086341877,1.0,6,10
BCwave_b1n6s10,4,30.714561519052094,1.0,6,10
BCwave_b1n6s10,5,30.775559306471806,1.0,6,10
BCwave_b1n6s10,6,30.618007329851935,1.0,6,10
BCwave_b1n6s10,7,30.352830393987947,1.0,6,10
BCwave_b1n6s10,8,30.32558011226489,1.0,6,10
BCwave_b1n6s10,9,30.292713163194286,1.0,6,10
BCwave_b1n6s10,10,30.33311059212771,1.0,6,10
BCwave_b1n6s10,11,30.891833109326086,1.0,6,10
BCwave_b1n6s10,12,31.296034866217298,1.0,6,10
BCwave_b1n6s10,13,31.425382865274866,1.0,6,10
BCwave_b1n6s10,14,31.281968622520356,1.0,6,10
BCwave_b1n6s10,15,30.946129325203387,1.0,6,10
BCwave_b1n6s10,16,30.587489064799495,1.0,6,10
BCwave_b1n6s10,17,30.51067390751575,1.0,6,10
BCwave_b1n6s10,18,30.76614001755109,1.0,6,10
BCwave_b2n1,-27,44.842636672489256,2.0,1,0
BCwave_b2n1,-26,46.13182527756059,2.0,1,0
BCwave_b2n1,-25,46.028708259561036,2.0,1,0
BCwave_b2n1,-24,47.308833700059395,2.0,1,0
BCwave_b2n1,-23,47.80262951534351,2.0,1,0
BCwave_b2n1,-22,48.405557433725996,2.0,1,0
BCwave_b2n1,-21,49.222926732795926,2.0,1,0
BCwave_b2n1,-20,49.91388715262893,2.0,1,0
BCwave_b2n1,-19,50.846399996673924,2.0,1,0
BCwave_b2n1,-18,50.32898418180707,2.0,1,0
BCwave_b2n1,-17,51.26882623062855,2.0,1,0
BCwave_b2n1,-16,51.32344053498287,2.0,1,0
BCwave_b2n1,-15,51.301816564645684,2.0,1,0
BCwave_b2n1,-14,51.987555407099,2.0,1,0
BCwave_b2n1,-13,51.9610930843349,2.0,1,0
BCwave_b2n1,-12,52.76862784972191,2.0,1,0
BCwave_b2n1,-11,52.8997959607194,2.0,1,0
BCwave_b2n1,-10,52.52788807899484,2.0,1,0
BCwave_b2n1,-9,53.324433241663,2.0,1,0
BCwave_b2n1,-8,52.43301185337592,2.0,1,0
BCwave_b2n1,-7,52.753292806276214,2.0,1,0
BCwave_b2n1,-6,52.64131301104841,2.0,1,0
BCwave_b2n1,-5,53.030791311619446,2.0,1,0
BCwave_b2n1,-4,53.700995221869064,2.0,1,0
BCwave_b2n1,-3,53.477841373219555,2.0,1,0
BCwave_b2n1,-2,55.178801117884205,2.0,1,0
BCwave_b2n1,-1,56.43502536616755,2.0,1,0
BCwave_b2n1,0,56.14205119567386,2.0,1,0
BCwave_b2n1,1,56.021845703285386,2.0,1,0
BCwave_b2n1,2,58.74770822834434,2.0,1,0
BCwave_b2n1,3,57.49982406250465,2.0,1,0
BCwave_b2n1,4,59.07757681337144,2.0,1,0
BCwave_b2n1,5,59.62602921782991,2.0,1,0
BCwave_b2n1,6,59.58365058556947,2.0,1,0
BCwave_b2n1,7,59.446814424762756,2.0,1,0
BCwave_b2n1,8,60.0313403232902,2.0,1,0
BCwave_b2n1,9,59.84833730907446,2.0,1,0
BCwave_b2n1,10,60.3997100073214,2.0,1,0
BCwave_b2n1,11,61.346651254383154,2.0,1,0
BCwave_b2n1,12,60.05947741918289,2.0,1,0
BCwave_b2n1,13,61.01279598566718,2.0,1,0
BCwave_b2n1,14,60.35752970786093,2.0,1,0
BCwave_b2n1,15,59.228523490933696,2.0,1,0
BCwave_b2n1,16,58.087867766096196,2.0,1,0
BCwave_b2n1,17,57.164161029147294,2.0,1,0
BCwave_b2n1,18,55.96924709668872,2.0,1,0
BCwave_b2n1,19,55.34432163378046,2.0,1,0
BCwave_b2n1,20,54.76207691812707,2.0,1,0
BCwave_b2n1,21,54.24873671125958,2.0,1,0
BCwave_b2n1,22,54.04611864680034,2.0,1,0
BCwave_b2n1,23,54.52691238069081,2.0,1,0
BCwave_b2n1,24,54.93728155929706,2.0,1,0
BCwave_b2n1,25,55.320197383174815,2.0,1,0
BCwave_b2n1,26,55.84574474203256,2.0,1,0
BCwave_b2n1,27,56.935663145981934,2.0,1,0
BCwave_b2n1s-10,-27,44.479408481790614,2.0,1,-10
BCwave_b2n1s-10,-26,45.163573533020006,2.0,1,-10
BCwave_b2n1s-10,-25,45.728651542285874,2.0,1,-10
BCwave_b2n1s-10,-24,45.83638440240549,2.0,1,-10
BCwave_b2n1s-10,-23,46.26136168358301,2.0,1,-10
BCwave_b2n1s-10,-22,46.58299129163864,2.0,1,-10
BCwave_b2n1s-10,-21,46.68766396857978,2.0,1,-10
BCwave_b2n1s-10,-20,47.34441139744274,2.0,1,-10
BCwave_b2n1s-10,-19,47.72695105815408,2.0,1,-10
BCwave_b2n1s-10,-18,47.804719833045624,2.0,1,-10
BCwave_b2n1s-10,-17,48.25094987282207,2.0,1,-10
BCwave_b2n1s-10,-16,48.46927070879892,2.0,1,-10
BCwave_b2n1s-10,-15,48.95960447929141,2.0,1,-10
BCwave_b2n1s-10,-14,49.1025729917741,2.0,1,-10
BCwave_b2n1s-10,-13,49.013852408755824,2.0,1,-10
BCwave_b2n1s-10,-12,49.39711595633812,2.0,1,-10
BCwave_b2n1s-10,-11,50.1014901302092,2.0,1,-10
BCwave_b2n1s-10,-10,50.01607112689815,2.0,1,-10
BCwave_b2n1s-10,-9,49.83456740105823,2.0,1,-10
BCwave_b2n1s-10,-8,50.09696935446169,2.0,1,-10
BCwave_b2n1s-10,-7,50.66937041884251,2.0,1,-10
BCwave_b2n1s-10,-6,50.761884619112074,2.0,1,-10
BCwave_b2n1s-10,-5,51.02230678352919,2.0,1,-10
BCwave_b2n1s-10,-4,52.024373964419084,2.0,1,-10
BCwave_b2n1s-10,-3,52.00379843249686,2.0,1,-10
BCwave_b2n1s-10,-2,51.82881493955289,2.0,1,-10
BCwave_b2n1s-10,-1,52.470063574513965,2.0,1,-10
BCwave_b2n1s-10,0,52.26436092759535,2.0,1,-10
BCwave_b2n1s-10,1,51.55036793337466,2.0,1,-10
BCwave_b2n1s-10,2,52.491904894816486,2.0,1,-10
BCwave_b2n1s-10,3,51.5571953160321,2.0,1,-10
BCwave_b2n1s-10,4,51.92727186500421,2.0,1,-10
BCwave_b2n1s-10,5,50.7928751920604,2.0,1,-10
BCwave_b2n1s-10,6,51.16432859063661,2.0,1,-10
BCwave_b2n1s-10,7,50.402168370358964,2.0,1,-10
BCwave_b2n1s-10,8,50.970233045414155,2.0,1,-10
BCwave_b2n1s-10,9,50.10537913794459,2.0,1,-10
BCwave_b2n1s-10,10,49.24478482329577,2.0,1,-10
BCwave_b2n1s-10,11,48.2382230986018,2.0,1,-10
BCwave_b2n1s-10,12,47.289052396429575,2.0,1,-10
BCwave_b2n1s-10,13,45.83283367230146,2.0,1,-10
BCwave_b2n1s-10,14,44.570882390039216,2.0,1,-10
BCwave_b2n1s-10,15,43.549085275492864,2.0,1,-10
BCwave_b2n1s-10,16,42.45598077372738,2.0,1,-10
BCwave_b2n1s-10,17,41.590305107329755,2.0,1,-10
BCwave_b2n1s-10,18,41.54379419341892,2.0,1,-10
BCwave_b2n1s-10,19,41.562467219537126,2.0,1,-10
BCwave_b2n1s-10,20,41.4547454788465,2.0,1,-10
BCwave_b2n1s-10,21,41.43673821339103,2.0,1,-10
BCwave_b2n1s-10,22,41.44394347730485,2.0,1,-10
BCwave_b2n1s-10,23,41.26131722004114,2.0,1,-10
BCwave_b2n1s-10,24,41.30996393843543,2.0,1,-10
BCwave_b2n1s-10,25,41.198864946721514,2.0,1,-10
BCwave_b2n1s-10,26,40.81290034465317,2.0,1,-10
BCwave_b2n1s-10,27,40.90747306316167,2.0,1,-10
BCwave_b2n1s-5,-27,46.51847765973856,2.0,1,-5
BCwave_b2n1s-5,-26,46.70968456537569,2.0,1,-5
BCwave_b2n1s-5,-25,47.09850895356962,2.0,1,-5
BCwave_b2n1s-5,-24,47.41085909545449,2.0,1,-5
BCwave_b2n1s-5,-23,47.05673215245342,2.0,1,-5
BCwave_b2n1s-5,-22,47.744737224784366,2.0,1,-5
BCwave_b2n1s-5,-21,47.32993428192487,2.0,1,-5
BCwave_b2n1s-5,-20,48.2799673050403,2.0,1,-5
BCwave_b2n1s-5,-19,47.645395213646694,2.0,1,-5
BCwave_b2n1s-5,-18,47.6153441989281,2.0,1,-5
BCwave_b2n1s-5,-17,48.344254907525944,2.0,1,-5
BCwave_b2n1s-5,-16,48.67853784788457,2.0,1,-5
BCwave_b2n1s-5,-15,49.554570827803694,2.0,1,-5
BCwave_b2n1s-5,-14,50.47043228213134,2.0,1,-5
BCwave_b2n1s-5,-13,50.64500460613134,2.0,1,-5
BCwave_b2n1s-5,-12,50.59624411319241,2.0,1,-5
BCwave_b2n1s-5,-11,51.06639187022725,2.0,1,-5
BCwave_b2n1s-5,-10,51.71943012367495,2.0,1,-5
BCwave_b2n1s-5,-9,52.26721935092735,2.0,1,-5
BCwave_b2n1s-5,-8,53.013459612841054,2.0,1,-5
BCwave_b2n1s-5,-7,53.858696758332975,2.0,1,-5
BCwave_b2n1s-5,-6,53.93984015111444,2.0,1,-5
BCwave_b2n1s-5,-5,53.894745284140626,2.0,1,-5
BCwave_b2n1s-5,-4,55.35284308723595,2.0,1,-5
BCwave_b2n1s-5,-3,56.00273519503006,2.0,1,-5
BCwave_b2n1s-5,-2,55.363000884981425,2.0,1,-5
BCwave_b2n1s-5,-1,57.35626522833202,2.0,1,-5
BCwave_b2n1s-5,0,56.6835375206515,2.0,1,-5
BCwave_b2n1s-5,1,55.736664413925915,2.0,1,-5
BCwave_b2n1s-5,2,57.49320162988423,2.0,1,-5
BCwave_b2n1s-5,3,55.592557948798564,2.0,1,-5
BCwave_b2n1s-5,4,57.31829520309448,2.0,1,-5
BCwave_b2n1s-5,5,56.01819214076341,2.0,1,-5
BCwave_b2n1s-5,6,57.30957023311761,2.0,1,-5
BCwave_b2n1s-5,7,55.78436884606211,2.0,1,-5
BCwave_b2n1s-5,8,56.5807481058219,2.0,1,-5
BCwave_b2n1s-5,9,56.4565550815587,2.0,1,-5
BCwave_b2n1s-5,10,56.270900385457324,2.0,1,-5
BCwave_b2n1s-5,11,56.643519879823536,2.0,1,-5
BCwave_b2n1s-5,12,55.63839294846834,2.0,1,-5
BCwave_b2n1s-5,13,53.553960028742786,2.0,1,-5
BCwave_b2n1s-5,14,52.29196627609816,2.0,1,-5
BCwave_b2n1s-5,15,51.27648520906124,2.0,1,-5
BCwave_b2n1s-5,16,49.9746768740731,2.0,1,-5
BCwave_b2n1s-5,17,48.53237661536075,2.0,1,-5
BCwave_b2n1s-5,18,48.48052655215723,2.0,1,-5
BCwave_b2n1s-5,19,48.39560935915446,2.0,1,-5
BCwave_b2n1s-5,20,47.938123112707174,2.0,1,-5
BCwave_b2n1s-5,21,47.688091679558035,2.0,1,-5
BCwave_b2n1s-5,22,47.87200044278217,2.0,1,-5
BCwave_b2n1s-5,23,48.123197259871795,2.0,1,-5
BCwave_b2n1s-5,24,48.664016954269854,2.0,1,-5
BCwave_b2n1s-5,25,49.22351845308574,2.0,1,-5
BCwave_b2n1s-5,26,50.03214313462656,2.0,1,-5
BCwave_b2n1s-5,27,51.917025096346165,2.0,1,-5
BCwave_b2n1s10,-27,39.56836195085938,2.0,1,10
BCwave_b2n1s10,-26,42.11664208057342,2.0,1,10
BCwave_b2n1s10,-25,44.06980776967831,2.0,1,10
BCwave_b2n1s10,-24,43.44185649220752,2.0,1,10
BCwave_b2n1s10,-23,46.39231412231412,2.0,1,10
BCwave_b2n1s10,-22,47.192298288724814,2.0,1,10
BCwave_b2n1s10,-21,46.933391597899835,2.0,1,10
BCwave_b2n1s10,-20,48.53000338900442,2.0,1,10
BCwave_b2n1s10,-19,49.40805042904116,2.0,1,10
BCwave_b2n1s10,-18,49.526527303686954,2.0,1,10
BCwave_b2n1s10,-17,50.19564292253488,2.0,1,10
BCwave_b2n1s10,-16,51.05073391532784,2.0,1,10
BCwave_b2n1s10,-15,50.84782614163977,2.0,1,10
BCwave_b2n1s10,-14,51.63479221685527,2.0,1,10
BCwave_b2n1s10,-13,51.88006418623944,2.0,1,10
BCwave_b2n1s10,-12,52.874187935295936,2.0,1,10
BCwave_b2n1s10,-11,53.91382007344937,2.0,1,10
BCwave_b2n1s10,-10,54.82283456700967,2.0,1,10
BCwave_b2n1s10,-9,56.05814608365486,2.0,1,10
BCwave_b2n1s10,-8,56.673304670709,2.0,1,10
BCwave_b2n1s10,-7,57.632359558716516,2.0,1,10
BCwave_b2n1s10,-6,58.47155011220954,2.0,1,10
BCwave_b2n1s10,-5,58.6934658947717,2.0,1,10
BCwave_b2n1s10,-4,59.81178411271768,2.0,1,10
BCwave_b2n1s10,-3,60.35932305829938,2.0,1,10
BCwave_b2n1s10,-2,60.05600216925923,2.0,1,10
BCwave_b2n1s10,-1,61.15882698147109,2.0,1,10
BCwave_b2n1s10,0,61.272938451662114,2.0,1,10
BCwave_b2n1s10,1,60.523342371170884,2.0,1,10
BCwave_b2n1s10,2,61.81096526001726,2.0,1,10
BCwave_b2n1s10,3,61.83645602590198,2.0,1,10
BCwave_b2n1s10,4,61.395137499419036,2.0,1,10
BCwave_b2n1s10,5,61.90415181948617,2.0,1,10
BCwave_b2n1s10,6,62.11297658421246,2.0,1,10
BCwave_b2n1s10,7,61.48462100345896,2.0,1,10
BCwave_b2n1s10,8,60.94388437311667,2.0,1,10
BCwave_b2n1s10,9,59.32061270714817,2.0,1,10
BCwave_b2n1s10,10,55.44279351800003,2.0,1,10
BCwave_b2n1s10,11,52.930699202623835,2.0,1,10
BCwave_b2n1s10,12,54.19616203836355,2.0,1,10
BCwave_b2n1s10,13,54.43842377459237,2.0,1,10
BCwave_b2n1s10,14,58.01864157369678,2.0,1,10
BCwave_b2n1s10,15,59.820209882451586,2.0,1,10
BCwave_b2n1s10,16,60.91777231793864,2.0,1,10
BCwave_b2n1s10,17,62.80219530520833,2.0,1,10
BCwave_b2n1s10,18,60.9542078612727,2.0,1,10
BCwave_b2n1s10,19,65.85187911139244,2.0,1,10
BCwave_b2n1s10,20,61.99860667393896,2.0,1,10
BCwave_b2n1s10,21,64.78135512336836,2.0,1,10
BCwave_b2n1s10,22,60.561796089361636,2.0,1,10
BCwave_b2n1s10,23,61.27554670144753,2.0,1,10
BCwave_b2n1s10,24,58.743635681622514,2.0,1,10
BCwave_b2n1s10,25,56.44607169659911,2.0,1,10
BCwave_b2n1s10,26,55.13844563863745,2.0,1,10
BCwave_b2n1s10,27,55.31274138834236,2.0,1,10
BCwave_b2n1s5,-27,28.9709876820152,2.0,1,5
BCwave_b2n1s5,-26,29.924528278599105,2.0,1,5
BCwave_b2n1s5,-25,30.85600437376193,2.0,1,5
BCwave_b2n1s5,-24,31.952022947673118,2.0,1,5
BCwave_b2n1s5,-23,32.9428492155232,2.0,1,5
BCwave_b2n1s5,-22,33.96547822101682,2.0,1,5
BCwave_b2n1s5,-21,34.95658491640173,2.0,1,5
BCwave_b2n1s5,-20,35.902744378422646,2.0,1,5
BCwave_b2n1s5,-19,37.112933488668325,2.0,1,5
BCwave_b2n1s5,-18,38.18032736760608,2.0,1,5
BCwave_b2n1s5,-17,39.33556659955136,2.0,1,5
BCwave_b2n1s5,-16,40.5925839046203,2.0,1,5
BCwave_b2n1s5,-15,41.60639763013383,2.0,1,5
BCwave_b2n1s5,-14,42.71483148830224,2.0,1,5
BCwave_b2n1s5,-13,43.85668892454593,2.0,1,5
BCwave_b2n1s5,-12,44.93734752037923,2.0,1,5
BCwave_b2n1s5,-11,46.0333202332686,2.0,1,5
BCwave_b2n1s5,-10,46.64782070503834,2.0,1,5
BCwave_b2n1s5,-9,47.908576106458305,2.0,1,5
BCwave_b2n1s5,-8,48.944489853052495,2.0,1,5
BCwave_b2n1s5,-7,50.04465300995967,2.0,1,5
BCwave_b2n1s5,-6,51.14129415164845,2.0,1,5
BCwave_b2n1s5,-5,51.44876734108804,2.0,1,5
BCwave_b2n1s5,-4,52.97485780047596,2.0,1,5
BCwave_b2n1s5,-3,53.55285924739324,2.0,1,5
BCwave_b2n1s5,-2,53.81334074491588,2.0,1,5
BCwave_b2n1s5,-1,54.48465083925671,2.0,1,5
BCwave_b2n1s5,0,54.9345978515415,2.0,1,5
BCwave_b2n1s5,1,55.34420474833718,2.0,1,5
BCwave_b2n1s5,2,55.7599401920315,2.0,1,5
BCwave_b2n1s5,3,55.97476683800033,2.0,1,5
BCwave_b2n1s5,4,56.6373203624242,2.0,1,5
BCwave_b2n1s5,5,56.72485022387403,2.0,1,5
BCwave_b2n1s5,6,56.95995688277339,2.0,1,5
BCwave_b2n1s5,7,57.43821102144828,2.0,1,5
BCwave_b2n1s5,8,56.987680655646045,2.0,1,5
BCwave_b2n1s5,9,57.48625625479373,2.0,1,5
BCwave_b2n1s5,10,55.990592727351206,2.0,1,5
BCwave_b2n1s5,11,52.44180021932618,2.0,1,5
BCwave_b2n1s5,12,54.7106622483277,2.0,1,5
BCwave_b2n1s5,13,55.58978404081307,2.0,1,5
BCwave_b2n1s5,14,55.20398391054481,2.0,1,5
BCwave_b2n1s5,15,56.01973264143074,2.0,1,5
BCwave_b2n1s5,16,55.54936066317102,2.0,1,5
BCwave_b2n1s5,17,56.90431495516114,2.0,1,5
BCwave_b2n1s5,18,56.27878195968764,2.0,1,5
BCwave_b2n1s5,19,58.415180178490125,2.0,1,5
BCwave_b2n1s5,20,58.41980826273762,2.0,1,5
BCwave_b2n1s5,21,59.0112531922069,2.0,1,5
BCwave_b2n1s5,22,58.59905860191794,2.0,1,5
BCwave_b2n1s5,23,59.80515668536356,2.0,1,5
BCwave_b2n1s5,24,59.82125366342608,2.0,1,5
BCwave_b2n1s5,25,59.830407959526895,2.0,1,5
BCwave_b2n1s5,26,59.85737686069819,2.0,1,5
BCwave_b2n1s5,27,60.053580917370056,2.0,1,5
BCwave_b2n3,-27,44.3282763249364,2.0,3,0
BCwave_b2n3,-26,44.54847526413307,2.0,3,0
BCwave_b2n3,-25,44.60220298904674,2.0,3,0
BCwave_b2n3,-24,44.10319557308697,2.0,3,0
BCwave_b2n3,-23,44.02539120076356,2.0,3,0
BCwave_b2n3,-22,43.495384843196724,2.0,3,0
BCwave_b2n3,-21,43.80718553482737,2.0,3,0
BCwave_b2n3,-20,43.842559061579024,2.0,3,0
BCwave_b2n3,-19,44.57974607553263,2.0,3,0
BCwave_b2n3,-18,44.29642124613327,2.0,3,0
BCwave_b2n3,-17,43.22383441665955,2.0,3,0
BCwave_b2n3,-16,43.343669078220024,2.0,3,0
BCwave_b2n3,-15,44.363622025599376,2.0,3,0
BCwave_b2n3,-14,45.28236668903687,2.0,3,0
BCwave_b2n3,-13,46.334839024835404,2.0,3,0
BCwave_b2n3,-12,46.355545631753564,2.0,3,0
BCwave_b2n3,-11,46.596115438379904,2.0,3,0
BCwave_b2n3,-10,47.22747328014081,2.0,3,0
BCwave_b2n3,-9,47.032382235265864,2.0,3,0
BCwave_b2n3,-8,47.720647375455364,2.0,3,0
BCwave_b2n3,-7,47.53835091396227,2.0,3,0
BCwave_b2n3,-6,47.85765303734304,2.0,3,0
BCwave_b2n3,-5,48.77842360275472,2.0,3,0
BCwave_b2n3,-4,47.83658117411955,2.0,3,0
BCwave_b2n3,-3,48.07844810846125,2.0,3,0
BCwave_b2n3,-2,48.28340331390417,2.0,3,0
BCwave_b2n3,-1,47.195572048378295,2.0,3,0
BCwave_b2n3,0,47.538354424769096,2.0,3,0
BCwave_b2n3,1,46.75124451866206,2.0,3,0
BCwave_b2n3,2,47.37848348364261,2.0,3,0
BCwave_b2n3,3,46.090193206045974,2.0,3,0
BCwave_b2n3,4,46.83435360358448,2.0,3,0
BCwave_b2n3,5,45.33676912537775,2.0,3,0
BCwave_b2n3,6,45.12142748686084,2.0,3,0
BCwave_b2n3,7,43.88348233817088,2.0,3,0
BCwave_b2n3,8,43.60235981120946,2.0,3,0
BCwave_b2n3,9,42.01018895007121,2.0,3,0
BCwave_b2n3,10,41.25773785296368,2.0,3,0
BCwave_b2n3,11,39.72690794408596,2.0,3,0
BCwave_b2n3,12,38.31230574404988,2.0,3,0
BCwave_b2n3,13,38.60329170831475,2.0,3,0
BCwave_b2n3,14,39.11541627963008,2.0,3,0
BCwave_b2n3,15,39.638267525719364,2.0,3,0
BCwave_b2n3,16,40.0815938782832,2.0,3,0
BCwave_b2n3,17,40.48758506882327,2.0,3,0
BCwave_b2n3,18,40.93093265896605,2.0,3,0
BCwave_b2n3,19,41.3705630847824,2.0,3,0
BCwave_b2n3,20,41.81885779488388,2.0,3,0
BCwave_b2n3,21,42.23037341069676,2.0,3,0
BCwave_b2n3,22,42.514882019080865,2.0,3,0
BCwave_b2n3,23,42.76800305747454,2.0,3,0
BCwave_b2n3,24,42.999424419149015,2.0,3,0
BCwave_b2n3,25,43.11698692488308,2.0,3,0
BCwave_b2n3,26,43.176931952925464,2.0,3,0
BCwave_b2n3,27,43.2587529537203,2.0,3,0
BCwave_b2n3s-5,-27,40.630263709417626,2.0,3,-5
BCwave_b2n3s-5,-26,40.15379445082049,2.0,3,-5
BCwave_b2n3s-5,-25,39.2120526660389,2.0,3,-5
BCwave_b2n3s-5,-24,40.041935759450354,2.0,3,-5
BCwave_b2n3s-5,-23,40.65675058533236,2.0,3,-5
BCwave_b2n3s-5,-22,40.73159680860129,2.0,3,-5
BCwave_b2n3s-5,-21,41.108206981028175,2.0,3,-5
BCwave_b2n3s-5,-20,41.44904498807359,2.0,3,-5
BCwave_b2n3s-5,-19,40.963121423234774,2.0,3,-5
BCwave_b2n3s-5,-18,41.33815770906011,2.0,3,-5
BCwave_b2n3s-5,-17,41.459070464979824,2.0,3,-5
BCwave_b2n3s-5,-16,41.94660469781017,2.0,3,-5
BCwave_b2n3s-5,-15,41.62873504095632,2.0,3,-5
BCwave_b2n3s-5,-14,42.473786406399064,2.0,3,-5
BCwave_b2n3s-5,-13,43.386399859544085,2.0,3,-5
BCwave_b2n3s-5,-12,43.37166295683458,2.0,3,-5
BCwave_b2n3s-5,-11,44.07413114089639,2.0,3,-5
BCwave_b2n3s-5,-10,43.90883853336183,2.0,3,-5
BCwave_b2n3s-5,-9,44.01334221785177,2.0,3,-5
BCwave_b2n3s-5,-8,44.154927682551445,2.0,3,-5
BCwave_b2n3s-5,-7,44.33964440159068,2.0,3,-5
BCwave_b2n3s-5,-6,43.866212267149756,2.0,3,-5
BCwave_b2n3s-5,-5,43.466139005501326,2.0,3,-5
BCwave_b2n3s-5,-4,43.4822087199903,2.0,3,-5
BCwave_b2n3s-5,-3,42.54279558021351,2.0,3,-5
BCwave_b2n3s-5,-2,43.006531770201796,2.0,3,-5
BCwave_b2n3s-5,-1,42.54968623356276,2.0,3,-5
BCwave_b2n3s-5,0,41.82429997800317,2.0,3,-5
BCwave_b2n3s-5,1,41.54389570219954,2.0,3,-5
BCwave_b2n3s-5,2,40.541795909650595,2.0,3,-5
BCwave_b2n3s-5,3,39.87953514563876,2.0,3,-5
BCwave_b2n3s-5,4,39.10010573555076,2.0,3,-5
BCwave_b2n3s-5,5,38.21246245584544,2.0,3,-5
BCwave_b2n3s-5,6,37.56470820191227,2.0,3,-5
BCwave_b2n3s-5,7,36.509782429216685,2.0,3,-5
BCwave_b2n3s-5,8,35.65253746309683,2.0,3,-5
BCwave_b2n3s-5,9,34.85758651933657,2.0,3,-5
BCwave_b2n3s-5,10,34.99039869275598,2.0,3,-5
BCwave_b2n3s-5,11,35.1835137780416,2.0,3,-5
BCwave_b2n3s-5,12,35.35125425631978,2.0,3,-5
BCwave_b2n3s-5,13,35.651722568536464,2.0,3,-5
BCwave_b2n3s-5,14,35.93778088684999,2.0,3,-5
BCwave_b2n3s-5,15,36.12568028151959,2.0,3,-5
BCwave_b2n3s-5,16,36.486020759465035,2.0,3,-5
BCwave_b2n3s-5,17,36.84598412022406,2.0,3,-5
BCwave_b2n3s-5,18,37.15263247351754,2.0,3,-5
BCwave_b2n3s-5,19,37.37116077258242,2.0,3,-5
BCwave_b2n3s-5,20,37.4200936563623,2.0,3,-5
BCwave_b2n3s-5,21,37.48070181464765,2.0,3,-5
BCwave_b2n3s-5,22,37.328867830540915,2.0,3,-5
BCwave_b2n3s-5,23,37.13382666597707,2.0,3,-5
BCwave_b2n3s-5,24,37.061278067153026,2.0,3,-5
BCwave_b2n3s-5,25,37.405818422535305,2.0,3,-5
BCwave_b2n3s-5,26,37.69675037900473,2.0,3,-5
BCwave_b2n3s-5,27,37.875858892358345,2.0,3,-5
BCwave_b2n3s10,-27,38.18768986423711,2.0,3,10
BCwave_b2n3s10,-26,38.54903859296423,2.0,3,10
BCwave_b2n3s10,-25,39.25893600127389,2.0,3,10
BCwave_b2n3s10,-24,40.23901590223628,2.0,3,10
BCwave_b2n3s10,-23,40.646983850592456,2.0,3,10
BCwave_b2n3s10,-22,41.2573946322643,2.0,3,10
BCwave_b2n3s10,-21,41.78906818329283,2.0,3,10
BCwave_b2n3s10,-20,42.62677818263624,2.0,3,10
BCwave_b2n3s10,-19,42.45301021637034,2.0,3,10
BCwave_b2n3s10,-18,43.33886969295903,2.0,3,10
BCwave_b2n3s10,-17,44.29855157599539,2.0,3,10
BCwave_b2n3s10,-16,45.59174098743077,2.0,3,10
BCwave_b2n3s10,-15,46.154054300828854,2.0,3,10
BCwave_b2n3s10,-14,47.57967732752645,2.0,3,10
BCwave_b2n3s10,-13,47.877256652797946,2.0,3,10
BCwave_b2n3s10,-12,48.03002202039167,2.0,3,10
BCwave_b2n3s10,-11,48.96111402272144,2.0,3,10
BCwave_b2n3s10,-10,50.28388886710349,2.0,3,10
BCwave_b2n3s10,-9,51.42216872130163,2.0,3,10
BCwave_b2n3s10,-8,50.72847124071478,2.0,3,10
BCwave_b2n3s10,-7,51.43423853425948,2.0,3,10
BCwave_b2n3s10,-6,53.33201845950509,2.0,3,10
BCwave_b2n3s10,-5,53.1882563672267,2.0,3,10
BCwave_b2n3s10,-4,51.4383162486051,2.0,3,10
BCwave_b2n3s10,-3,54.27528134004578,2.0,3,10
BCwave_b2n3s10,-2,53.720399060956375,2.0,3,10
BCwave_b2n3s10,-1,52.17070029641207,2.0,3,10
BCwave_b2n3s10,0,53.98935143502799,2.0,3,10
BCwave_b2n3s10,1,53.48009114218816,2.0,3,10
BCwave_b2n3s10,2,53.76858638056631,2.0,3,10
BCwave_b2n3s10,3,54.049523468080636,2.0,3,10
BCwave_b2n3s10,4,53.46456732599813,2.0,3,10
BCwave_b2n3s10,5,54.594776673249605,2.0,3,10
BCwave_b2n3s10,6,53.65178953094047,2.0,3,10
BCwave_b2n3s10,7,53.91636464667171,2.0,3,10
BCwave_b2n3s10,8,52.89684620416519,2.0,3,10
BCwave_b2n3s10,9,52.858206544506864,2.0,3,10
BCwave_b2n3s10,10,52.50098947150472,2.0,3,10
BCwave_b2n3s10,11,51.252459297500536,2.0,3,10
BCwave_b2n3s10,12,50.721230045069625,2.0,3,10
BCwave_b2n3s10,13,49.487644342482994,2.0,3,10
BCwave_b2n3s10,14,47.80014007598745,2.0,3,10
BCwave_b2n3s10,15,45.79247604910479,2.0,3,10
BCwave_b2n3s10,16,44.39592517757537,2.0,3,10
BCwave_b2n3s10,17,44.34917737155339,2.0,3,10
BCwave_b2n3s10,18,44.14418489324754,2.0,3,10
BCwave_b2n3s10,19,43.73681401474507,2.0,3,10
BCwave_b2n3s10,20,43.82681161921921,2.0,3,10
BCwave_b2n3s10,21,44.02340369686335,2.0,3,10
BCwave_b2n3s10,22,44.05414136197446,2.0,3,10
BCwave_b2n3s10,23,44.453863477425045,2.0,3,10
BCwave_b2n3s10,24,44.512093001868415,2.0,3,10
BCwave_b2n3s10,25,44.628170128248826,2.0,3,10
BCwave_b2n3s10,26,44.75319502683255,2.0,3,10
BCwave_b2n3s10,27,44.988186837585765,2.0,3,10
BCwave_b2n3s5,-27,42.879176972469686,2.0,3,5
BCwave_b2n3s5,-26,43.29607664713835,2.0,3,5
BCwave_b2n3s5,-25,44.30421386260209,2.0,3,5
BCwave_b2n3s5,-24,44.575806874562645,2.0,3,5
BCwave_b2n3s5,-23,44.829419750114724,2.0,3,5
BCwave_b2n3s5,-22,45.09601704090526,2.0,3,5
BCwave_b2n3s5,-21,44.83272794266978,2.0,3,5
BCwave_b2n3s5,-20,44.64194886973061,2.0,3,5
BCwave_b2n3s5,-19,44.35945400824979,2.0,3,5
BCwave_b2n3s5,-18,44.175059368045886,2.0,3,5
BCwave_b2n3s5,-17,45.39187877814886,2.0,3,5
BCwave_b2n3s5,-16,45.86343018193052,2.0,3,5
BCwave_b2n3s5,-15,47.172853798596485,2.0,3,5
BCwave_b2n3s5,-14,48.171252014107324,2.0,3,5
BCwave_b2n3s5,-13,48.9677350935108,2.0,3,5
BCwave_b2n3s5,-12,49.50036416773035,2.0,3,5
BCwave_b2n3s5,-11,49.827141390913035,2.0,3,5
BCwave_b2n3s5,-10,49.84633001174864,2.0,3,5
BCwave_b2n3s5,-9,50.2383700268738,2.0,3,5
BCwave_b2n3s5,-8,50.81709046883407,2.0,3,5
BCwave_b2n3s5,-7,50.949144414403676,2.0,3,5
BCwave_b2n3s5,-6,50.787680178373975,2.0,3,5
BCwave_b2n3s5,-5,51.94370991374178,2.0,3,5
BCwave_b2n3s5,-4,52.048966594523144,2.0,3,5
BCwave_b2n3s5,-3,51.370495391255574,2.0,3,5
BCwave_b2n3s5,-2,52.28109824514783,2.0,3,5
BCwave_b2n3s5,-1,51.59978794151631,2.0,3,5
BCwave_b2n3s5,0,51.53178511509392,2.0,3,5
BCwave_b2n3s5,1,52.07441825181939,2.0,3,5
BCwave_b2n3s5,2,50.393043089581155,2.0,3,5
BCwave_b2n3s5,3,51.456198773435176,2.0,3,5
BCwave_b2n3s5,4,50.138421364646,2.0,3,5
BCwave_b2n3s5,5,51.13169020068863,2.0,3,5
BCwave_b2n3s5,6,49.647942933398255,2.0,3,5
BCwave_b2n3s5,7,50.89846677874128,2.0,3,5
BCwave_b2n3s5,8,49.400741894063664,2.0,3,5
BCwave_b2n3s5,9,49.70043376389397,2.0,3,5
BCwave_b2n3s5,10,48.55688935895179,2.0,3,5
BCwave_b2n3s5,11,47.117647499239254,2.0,3,5
BCwave_b2n3s5,12,46.196558176762316,2.0,3,5
BCwave_b2n3s5,13,44.4611476693977,2.0,3,5
BCwave_b2n3s5,14,43.094398252594054,2.0,3,5
BCwave_b2n3s5,15,41.79586011635313,2.0,3,5
BCwave_b2n3s5,16,41.715084348624806,2.0,3,5
BCwave_b2n3s5,17,41.79078817571084,2.0,3,5
BCwave_b2n3s5,18,42.07003859717462,2.0,3,5
BCwave_b2n3s5,19,42.387824591233645,2.0,3,5
BCwave_b2n3s5,20,42.68267277613487,2.0,3,5
BCwave_b2n3s5,21,42.875981072292205,2.0,3,5
BCwave_b2n3s5,22,43.3443140825009,2.0,3,5
BCwave_b2n3s5,23,43.975821053200946,2.0,3,5
BCwave_b2n3s5,24,44.63384933243535,2.0,3,5
BCwave_b2n3s5,25,45.167125232336915,2.0,3,5
BCwave_b2n3s5,26,45.64516530898954,2.0,3,5
BCwave_b2n3s5,27,46.164298622609195,2.0,3,5
BCwave_b2n6,-27,36.74552379455205,2.0,6,0
BCwave_b2n6,-26,37.07242916795147,2.0,6,0
BCwave_b2n6,-25,36.93082963367646,2.0,6,0
BCwave_b2n6,-24,37.098463251584135,2.0,6,0
BCwave_b2n6,-23,37.271176968416235,2.0,6,0
BCwave_b2n6,-22,36.92297558237686,2.0,6,0
BCwave_b2n6,-21,36.01154653883022,2.0,6,0
BCwave_b2n6,-20,36.87731347275852,2.0,6,0
BCwave_b2n6,-19,37.48251017643208,2.0,6,0
BCwave_b2n6,-18,37.51376421481513,2.0,6,0
BCwave_b2n6,-17,37.94504634742388,2.0,6,0
BCwave_b2n6,-16,38.322190786227225,2.0,6,0
BCwave_b2n6,-15,37.95814284808928,2.0,6,0
BCwave_b2n6,-14,38.98083476371796,2.0,6,0
BCwave_b2n6,-13,39.91858453795975,2.0,6,0
BCwave_b2n6,-12,39.832292411099395,2.0,6,0
BCwave_b2n6,-11,40.73557786988224,2.0,6,0
BCwave_b2n6,-10,40.98824125194492,2.0,6,0
BCwave_b2n6,-9,41.29171353045451,2.0,6,0
BCwave_b2n6,-8,40.7925174685837,2.0,6,0
BCwave_b2n6,-7,41.06152803787634,2.0,6,0
BCwave_b2n6,-6,41.05406560022758,2.0,6,0
BCwave_b2n6,-5,40.203658812218805,2.0,6,0
BCwave_b2n6,-4,40.22725599081122,2.0,6,0
BCwave_b2n6,-3,40.21363822976162,2.0,6,0
BCwave_b2n6,-2,39.54178867017381,2.0,6,0
BCwave_b2n6,-1,39.76177731610405,2.0,6,0
BCwave_b2n6,0,39.70339968435681,2.0,6,0
BCwave_b2n6,1,39.05028880590871,2.0,6,0
BCwave_b2n6,2,38.924535114172315,2.0,6,0
BCwave_b2n6,3,37.92922496869671,2.0,6,0
BCwave_b2n6,4,37.7863790283215,2.0,6,0
BCwave_b2n6,5,36.95639015512064,2.0,6,0
BCwave_b2n6,6,36.53156282798872,2.0,6,0
BCwave_b2n6,7,35.662592648664,2.0,6,0
BCwave_b2n6,8,35.216529808892986,2.0,6,0
BCwave_b2n6,9,34.46025632391133,2.0,6,0
BCwave_b2n6,10,33.903338251411895,2.0,6,0
BCwave_b2n6,11,33.24841275889867,2.0,6,0
BCwave_b2n6,12,32.83964884469123,2.0,6,0
BCwave_b2n6,13,32.47264390976158,2.0,6,0
BCwave_b2n6,14,32.19043417435295,2.0,6,0
BCwave_b2n6,15,32.00957498815065,2.0,6,0
BCwave_b2n6,16,32.09253823936517,2.0,6,0
BCwave_b2n6,17,32.16814234255527,2.0,6,0
BCwave_b2n6,18,32.23263556246916,2.0,6,0
BCwave_b2n6,19,32.286796912297184,2.0,6,0
BCwave_b2n6,20,32.3165533928099,2.0,6,0
BCwave_b2n6,21,32.33939946261963,2.0,6,0
BCwave_b2n6,22,32.39696161222209,2.0,6,0
BCwave_b2n6,23,32.932228061512006,2.0,6,0
BCwave_b2n6,24,33.311443615947546,2.0,6,0
BCwave_b2n6,25,33.88503521235671,2.0,6,0
BCwave_b2n6,26,34.466631121646465,2.0,6,0
BCwave_b2n6,27,34.987660067734986,2.0,6,0
BCwave_b2n6s10,-27,42.451664800578904,2.0,6,10
BCwave_b2n6s10,-26,42.103921827662305,2.0,6,10
BCwave_b2n6s10,-25,41.98102231491062,2.0,6,10
BCwave_b2n6s10,-24,42.34701595455628,2.0,6,10
BCwave_b2n6s10,-23,42.82397399921039,2.0,6,10
BCwave_b2n6s10,-22,42.48705061954608,2.0,6,10
BCwave_b2n6s10,-21,41.48084956676138,2.0,6,10
BCwave_b2n6s10,-20,40.791991504311355,2.0,6,10
BCwave_b2n6s10,-19,40.778681413966574,2.0,6,10
BCwave_b2n6s10,-18,40.53210567573781,2.0,6,10
BCwave_b2n6s10,-17,40.70439898322471,2.0,6,10
BCwave_b2n6s10,-16,41.09277677149241,2.0,6,10
BCwave_b2n6s10,-15,41.153580359731116,2.0,6,10
BCwave_b2n6s10,-14,41.36063934535057,2.0,6,10
BCwave_b2n6s10,-13,42.43035989831441,2.0,6,10
BCwave_b2n6s10,-12,43.7567525968287,2.0,6,10
BCwave_b2n6s10,-11,44.70714391081848,2.0,6,10
BCwave_b2n6s10,-10,46.84869394180262,2.0,6,10
BCwave_b2n6s10,-9,47.02743625124422,2.0,6,10
BCwave_b2n6s10,-8,46.163233129869035,2.0,6,10
BCwave_b2n6s10,-7,46.03194815666903,2.0,6,10
BCwave_b2n6s10,-6,46.93870239517475,2.0,6,10
BCwave_b2n6s10,-5,45.80124319858317,2.0,6,10
BCwave_b2n6s10,-4,45.88951971578673,2.0,6,10
BCwave_b2n6s10,-3,46.646573034130945,2.0,6,10
BCwave_b2n6s10,-2,45.225450948183486,2.0,6,10
BCwave_b2n6s10,-1,46.08371970377538,2.0,6,10
BCwave_b2n6s10,0,45.91520574707658,2.0,6,10
BCwave_b2n6s10,1,45.73312024636364,2.0,6,10
BCwave_b2n6s10,2,46.21655480435652,2.0,6,10
BCwave_b2n6s10,3,44.906264435617,2.0,6,10
BCwave_b2n6s10,4,45.805413690487086,2.0,6,10
BCwave_b2n6s10,5,45.104269733179194,2.0,6,10
BCwave_b2n6s10,6,45.25879860442778,2.0,6,10
BCwave_b2n6s10,7,44.424703007172106,2.0,6,10
BCwave_b2n6s10,8,43.91113030906313,2.0,6,10
BCwave_b2n6s10,9,42.8597255243733,2.0,6,10
BCwave_b2n6s10,10,41.86928676533021,2.0,6,10
BCwave_b2n6s10,11,40.96104028180151,2.0,6,10
BCwave_b2n6s10,12,40.437485924055466,2.0,6,10
BCwave_b2n6s10,13,38.76926771760883,2.0,6,10
BCwave_b2n6s10,14,37.41800195361573,2.0,6,10
BCwave_b2n6s10,15,37.203367499064164,2.0,6,10
BCwave_b2n6s10,16,37.347066897381765,2.0,6,10
BCwave_b2n6s10,17,37.45034511053709,2.0,6,10
BCwave_b2n6s10,18,37.59967930242835,2.0,6,10
BCwave_b2n6s10,19,37.76951877580934,2.0,6,10
BCwave_b2n6s10,20,37.890231164711004,2.0,6,10
BCwave_b2n6s10,21,38.12829145987908,2.0,6,10
BCwave_b2n6s10,22,38.419096229123646,2.0,6,10
BCwave_b2n6s10,23,38.682101193780106,2.0,6,10
BCwave_b2n6s10,24,38.8929263762252,2.0,6,10
BCwave_b2n6s10,25,39.14052840344384,2.0,6,10
BCwave_b2n6s10,26,39.518231285292984,2.0,6,10
BCwave_b2n6s10,27,39.93574310424378,2.0,6,10
BCwave_b2n6s5,-27,40.635517168591534,2.0,6,5
BCwave_b2n6s5,-26,40.38671563264244,2.0,6,5
BCwave_b2n6s5,-25,40.96592980411341,2.0,6,5
BCwave_b2n6s5,-24,40.96405658691396,2.0,6,5
BCwave_b2n6s5,-23,41.692388713074955,2.0,6,5
BCwave_b2n6s5,-22,41.650704017968366,2.0,6,5
BCwave_b2n6s5,-21,40.84554939481602,2.0,6,5
BCwave_b2n6s5,-20,40.49408989073035,2.0,6,5
BCwave_b2n6s5,-19,39.8648390035068,2.0,6,5
BCwave_b2n6s5,-18,38.60520105833265,2.0,6,5
BCwave_b2n6s5,-17,38.16336864880418,2.0,6,5
BCwave_b2n6s5,-16,39.887828290408876,2.0,6,5
BCwave_b2n6s5,-15,40.930966043390555,2.0,6,5
BCwave_b2n6s5,-14,42.519411454290214,2.0,6,5
BCwave_b2n6s5,-13,43.00084914993228,2.0,6,5
BCwave_b2n6s5,-12,42.45704175462676,2.0,6,5
BCwave_b2n6s5,-11,42.977682874808856,2.0,6,5
BCwave_b2n6s5,-10,44.18481370410462,2.0,6,5
BCwave_b2n6s5,-9,44.247514896792595,2.0,6,5
BCwave_b2n6s5,-8,44.204696816387546,2.0,6,5
BCwave_b2n6s5,-7,44.28827923587535,2.0,6,5
BCwave_b2n6s5,-6,44.716982230090174,2.0,6,5
BCwave_b2n6s5,-5,43.42306657141091,2.0,6,5
BCwave_b2n6s5,-4,43.55240834554057,2.0,6,5
BCwave_b2n6s5,-3,44.38684909627811,2.0,6,5
BCwave_b2n6s5,-2,42.66150897235911,2.0,6,5
BCwave_b2n6s5,-1,43.32110889877456,2.0,6,5
BCwave_b2n6s5,0,43.408226828906116,2.0,6,5
BCwave_b2n6s5,1,42.74259233093979,2.0,6,5
BCwave_b2n6s5,2,43.029508895137894,2.0,6,5
BCwave_b2n6s5,3,41.6211305984815,2.0,6,5
BCwave_b2n6s5,4,41.759980285678424,2.0,6,5
BCwave_b2n6s5,5,40.72449591717877,2.0,6,5
BCwave_b2n6s5,6,40.50687184861724,2.0,6,5
BCwave_b2n6s5,7,39.31170786808622,2.0,6,5
BCwave_b2n6s5,8,39.14535022888975,2.0,6,5
BCwave_b2n6s5,9,37.754556730418436,2.0,6,5
BCwave_b2n6s5,10,37.313411395624996,2.0,6,5
BCwave_b2n6s5,11,36.02491519553319,2.0,6,5
BCwave_b2n6s5,12,35.13662365714495,2.0,6,5
BCwave_b2n6s5,13,35.166501254247194,2.0,6,5
BCwave_b2n6s5,14,35.513425975527994,2.0,6,5
BCwave_b2n6s5,15,35.8514736341646,2.0,6,5
BCwave_b2n6s5,16,36.13733697804655,2.0,6,5
BCwave_b2n6s5,17,36.24710740511212,2.0,6,5
BCwave_b2n6s5,18,36.16693257351902,2.0,6,5
BCwave_b2n6s5,19,36.05186328514314,2.0,6,5
BCwave_b2n6s5,20,35.90416016437057,2.0,6,5
BCwave_b2n6s5,21,36.14480373338824,2.0,6,5
BCwave_b2n6s5,22,36.427497327079365,2.0,6,5
BCwave_b2n6s5,23,36.74994086906758,2.0,6,5
BCwave_b2n6s5,24,37.08065744595061,2.0,6,5
BCwave_b2n6s5,25,37.415307512123846,2.0,6,5
BCwave_b2n6s5,26,37.77575764367598,2.0,6,5
BCwave_b2n6s5,27,38.17982551961678,2.0,6,5
