case,b,n,s,definition_id,method,eddy_threshold_hpa,criterion_value,minimum_area_km2,minimum_duration_h,selected_track_id,maximum_qualifying_persistence_h,number_qualifying_tracks,number_qualifying_episodes,selected_track_duration_h,mean_qualifying_object_area_km2,maximum_qualifying_object_area_km2,maximum_peak_eddy_slp_anomaly_hpa,start_hour,end_hour,mean_centroid_path_speed_m_s-1,net_centroid_speed_m_s-1,mean_step_displacement_km,mean_normalized_step,source_file
BCwave_b1n1s-10,1.0,1,-10,S20_plus10_overlap0.3_identity,independent_permissive_overlap_identity,10,0.3,100000.0,0,1.0,27,0,0,27,604385.8616806099,1176949.852961791,12.142798828124942,334,360,4.887905627511647,4.109438495116401,17.59646025904193,0.047200470866735594,/data/keeling/a/mingfei5/a/data/original/BCwave_b1n1s-10.nc
BCwave_b1n3s-10,1.0,3,-10,S20_plus10_overlap0.3_identity,independent_permissive_overlap_identity,10,0.3,100000.0,0,,0,0,0,0,,,,0,0,,,,,/data/keeling/a/mingfei5/a/data/original/BCwave_b1n3s-10.nc
BCwave_b1n6s-10,1.0,6,-10,S20_plus10_overlap0.3_identity,independent_permissive_overlap_identity,10,0.3,100000.0,0,,0,0,0,0,,,,0,0,,,,,/data/keeling/a/mingfei5/a/data/original/BCwave_b1n6s-10.nc
BCwave_b15n1s-10,1.5,1,-10,S20_plus10_overlap0.3_identity,independent_permissive_overlap_identity,10,0.3,100000.0,0,1.0,97,1,1,97,2243598.3532246463,4636271.028420884,17.603288194444467,264,360,6.799192065711984,6.006131165537089,24.477091436563143,0.03639784451598834,/data/keeling/a/mingfei5/a/data/original/BCwave_b15n1s-10.nc
BCwave_b15n3s-10,1.5,3,-10,S20_plus10_overlap0.3_identity,independent_permissive_overlap_identity,10,0.3,100000.0,0,1.0,10,0,0,10,235743.16091661528,375246.4461651578,11.273686197916685,351,360,7.715413777583096,5.819776637064335,27.77548959929915,0.1049562552093169,/data/keeling/a/mingfei5/a/data/original/BCwave_b15n3s-10.nc
BCwave_b15n6s-10,1.5,6,-10,S20_plus10_overlap0.3_identity,independent_permissive_overlap_identity,10,0.3,100000.0,0,,0,0,0,0,,,,0,0,,,,,/data/keeling/a/mingfei5/a/data/original/BCwave_b15n6s-10.nc
BCwave_b2n1s-10,2.0,1,-10,S20_plus10_overlap0.3_identity,independent_permissive_overlap_identity,10,0.3,100000.0,0,1.0,98,1,1,98,3155493.341948072,7067517.862192997,20.23714257812506,247,344,18.67499619821357,4.918740642578604,67.22998631356884,0.07825136891554875,/data/keeling/a/mingfei5/a/data/original/BCwave_b2n1s-10.nc
BCwave_b2n3s-10,2.0,3,-10,S20_plus10_overlap0.3_identity,independent_permissive_overlap_identity,10,0.3,100000.0,0,1.0,59,0,0,59,864262.3937701295,1262122.1553114236,12.093832031250058,302,360,7.0954164177951435,5.977288548892959,25.543499104062516,0.05654414601813311,/data/keeling/a/mingfei5/a/data/original/BCwave_b2n3s-10.nc
BCwave_b2n6s-10,2.0,6,-10,S20_plus10_overlap0.3_identity,independent_permissive_overlap_identity,10,0.3,100000.0,0,,0,0,0,0,,,,0,0,,,,,/data/keeling/a/mingfei5/a/data/original/BCwave_b2n6s-10.nc
BCwave_b1n1s-5,1.0,1,-5,S20_plus10_overlap0.3_identity,independent_permissive_overlap_identity,10,0.3,100000.0,0,1.0,81,2,2,81,1505072.8298403637,2901240.8242272297,16.68157183159725,280,360,5.390570805639898,4.693613599914926,19.406054900303634,0.03772023854615699,/data/keeling/a/mingfei5/a/data/original/BCwave_b1n1s-5.nc
BCwave_b1n3s-5,1.0,3,-5,S20_plus10_overlap0.3_identity,independent_permissive_overlap_identity,10,0.3,100000.0,0,1.0,8,0,0,8,200813.609080102,286843.843924134,10.454939670138847,353,360,6.4229629759111315,5.000880190370222,23.122666713280072,0.09510827397758086,/data/keeling/a/mingfei5/a/data/original/BCwave_b1n3s-5.nc
BCwave_b1n6s-5,1.0,6,-5,S20_plus10_overlap0.3_identity,independent_permissive_overlap_identity,10,0.3,100000.0,0,,0,0,0,0,,,,0,0,,,,,/data/keeling/a/mingfei5/a/data/original/BCwave_b1n6s-5.nc
BCwave_b15n1s-5,1.5,1,-5,S20_plus10_overlap0.3_identity,independent_permissive_overlap_identity,10,0.3,100000.0,0,1.0,90,1,1,90,2481526.4710471635,6487292.603101475,21.42845399305559,233,322,17.951059786178078,6.586729745415479,64.62381523024108,0.06994441501397161,/data/keeling/a/mingfei5/a/data/original/BCwave_b15n1s-5.nc
BCwave_b15n3s-5,1.5,3,-5,S20_plus10_overlap0.3_identity,independent_permissive_overlap_identity,10,0.3,100000.0,0,1.0,88,1,1,88,1356897.1353085807,3121720.9484545123,14.072462022569379,273,360,6.550556874658974,5.863602888267786,23.582004748772306,0.04385493566423677,/data/keeling/a/mingfei5/a/data/original/BCwave_b15n3s-5.nc
BCwave_b15n6s-5,1.5,6,-5,S20_plus10_overlap0.3_identity,independent_permissive_overlap_identity,10,0.3,100000.0,0,1.0,23,0,0,23,405421.57743619045,670207.092212596,12.353459418402782,338,360,5.7165220043252525,4.615283274570471,20.579479215570906,0.06155860226016138,/data/keeling/a/mingfei5/a/data/original/BCwave_b15n6s-5.nc
BCwave_b2n1s-5,2.0,1,-5,S20_plus10_overlap0.3_identity,independent_permissive_overlap_identity,10,0.3,100000.0,0,1.0,143,3,3,143,5865109.800566049,9663620.266577123,28.35976215277784,218,360,11.32921160203396,6.263311891281013,40.78516176732226,0.033535225201936206,/data/keeling/a/mingfei5/a/data/original/BCwave_b2n1s-5.nc
BCwave_b2n3s-5,2.0,3,-5,S20_plus10_overlap0.3_identity,independent_permissive_overlap_identity,10,0.3,100000.0,0,1.0,109,3,3,109,2539364.6781418594,5363409.087581786,16.040929904513906,252,360,10.009002771961041,6.109198778244938,36.03240997905974,0.04294090053384303,/data/keeling/a/mingfei5/a/data/original/BCwave_b2n3s-5.nc
BCwave_b2n6s-5,2.0,6,-5,S20_plus10_overlap0.3_identity,independent_permissive_overlap_identity,10,0.3,100000.0,0,1.0,72,1,1,72,839274.123922429,1276954.8115323205,11.753093315972219,289,360,7.327570650552662,6.49462081898878,26.379254341989586,0.05394353320939983,/data/keeling/a/mingfei5/a/data/original/BCwave_b2n6s-5.nc
BCwave_b1n1,1.0,1,0,S20_plus10_overlap0.3_identity,independent_permissive_overlap_identity,10,0.3,100000.0,0,1.0,110,2,2,110,2147528.321420309,3969266.9269532706,20.223260850694498,251,360,5.351807620785512,4.305540974653532,19.266507434827844,0.029675568756834213,/data/keeling/a/mingfei5/a/data/original/BCwave_b1n1.nc
BCwave_b1n3,1.0,3,0,S20_plus10_overlap0.3_identity,independent_permissive_overlap_identity,10,0.3,100000.0,0,1.0,69,0,0,69,1053892.9368060636,1833417.350042441,14.384631293402782,292,360,4.9159294982976816,4.152749179328876,17.697346193871653,0.03949725632779726,/data/keeling/a/mingfei5/a/data/original/BCwave_b1n3.nc
BCwave_b1n6,1.0,6,0,S20_plus10_overlap0.3_identity,independent_permissive_overlap_identity,10,0.3,100000.0,0,1.0,19,0,0,19,371930.0649275682,589961.5807026553,11.336905815972278,342,360,5.240319248761704,3.9989296539815737,18.865149295542135,0.06048925523573434,/data/keeling/a/mingfei5/a/data/original/BCwave_b1n6.nc
BCwave_b15n1,1.5,1,0,S20_plus10_overlap0.3_identity,independent_permissive_overlap_identity,10,0.3,100000.0,0,1.0,146,2,2,146,5225919.53639926,12543992.749577567,29.965869140625,213,358,9.12531558039489,3.471764815315452,32.85113608942161,0.02905896708248048,/data/keeling/a/mingfei5/a/data/original/BCwave_b15n1.nc
BCwave_b15n3,1.5,3,0,S20_plus10_overlap0.3_identity,independent_permissive_overlap_identity,10,0.3,100000.0,0,1.0,87,3,3,87,1848140.8452007524,4463393.295363882,17.407708333333286,236,322,19.478272428407852,5.5909513504197,70.12178074226827,0.10075582683272004,/data/keeling/a/mingfei5/a/data/original/BCwave_b15n3.nc
BCwave_b15n6,1.5,6,0,S20_plus10_overlap0.3_identity,independent_permissive_overlap_identity,10,0.3,100000.0,0,1.0,96,1,1,96,1368985.5429539627,3019602.147382147,15.229338758680534,265,360,6.100043973583759,5.071001386610216,21.960158304901533,0.04247404843038204,/data/keeling/a/mingfei5/a/data/original/BCwave_b15n6.nc
BCwave_b2n1,2.0,1,0,S20_plus10_overlap0.3_identity,independent_permissive_overlap_identity,10,0.3,100000.0,0,6.0,85,3,3,85,16812103.376185182,26739930.81342984,36.116770833333284,276,360,26.021768729996232,11.440539017079757,93.67836742798643,0.04472571212903369,/data/keeling/a/mingfei5/a/data/original/BCwave_b2n1.nc
BCwave_b2n3,2.0,3,0,S20_plus10_overlap0.3_identity,independent_permissive_overlap_identity,10,0.3,100000.0,0,1.0,102,3,3,102,3199605.326957667,7051544.8780745175,20.113486328125,220,321,20.075675395099676,3.949610096982539,72.27243142235884,0.07894901081490076,/data/keeling/a/mingfei5/a/data/original/BCwave_b2n3.nc
BCwave_b2n6,2.0,6,0,S20_plus10_overlap0.3_identity,independent_permissive_overlap_identity,10,0.3,100000.0,0,1.0,119,3,3,119,2261233.622180014,4388650.54239204,16.346568793402838,242,360,7.764227185554158,5.478512685111447,27.95121786799497,0.03878923530373059,/data/keeling/a/mingfei5/a/data/original/BCwave_b2n6.nc
BCwave_b1n1s5,1.0,1,5,S20_plus10_overlap0.3_identity,independent_permissive_overlap_identity,10,0.3,100000.0,0,2.0,127,2,2,127,2634461.804392345,7407989.550650574,23.372043619791658,234,360,13.47246897141596,5.299573249381647,48.50088829709746,0.05162237575921013,/data/keeling/a/mingfei5/a/data/original/BCwave_b1n1s5.nc
BCwave_b1n3s5,1.0,3,5,S20_plus10_overlap0.3_identity,independent_permissive_overlap_identity,10,0.3,100000.0,0,1.0,105,1,1,105,1526087.5227279693,2559793.232009169,17.59940972222219,256,360,5.180710013064123,4.2013696107857506,18.65055604703084,0.03568953540753117,/data/keeling/a/mingfei5/a/data/original/BCwave_b1n3s5.nc
BCwave_b1n6s5,1.0,6,5,S20_plus10_overlap0.3_identity,independent_permissive_overlap_identity,10,0.3,100000.0,0,2.0,67,0,0,67,905615.1073040185,1518953.0357563996,14.44298198784716,294,360,4.384360937011486,3.8110640522558037,15.783699373241351,0.03907777024467718,/data/keeling/a/mingfei5/a/data/original/BCwave_b1n6s5.nc
BCwave_b15n1s5,1.5,1,5,S20_plus10_overlap0.3_identity,independent_permissive_overlap_identity,10,0.3,100000.0,0,1.0,125,2,2,125,3350949.7705252045,5722531.691239068,25.196554904513906,195,319,8.28874097503417,5.678354185031801,29.839467510123015,0.035553322115595684,/data/keeling/a/mingfei5/a/data/original/BCwave_b15n1s5.nc
BCwave_b15n3s5,1.5,3,5,S20_plus10_overlap0.3_identity,independent_permissive_overlap_identity,10,0.3,100000.0,0,2.0,89,3,3,89,2207524.2594762966,5069269.508538187,21.19912586805556,213,301,19.474867226576272,5.938857305986709,70.10952201567457,0.0877570170066344,/data/keeling/a/mingfei5/a/data/original/BCwave_b15n3s5.nc
BCwave_b15n6s5,1.5,6,5,S20_plus10_overlap0.3_identity,independent_permissive_overlap_identity,10,0.3,100000.0,0,1.0,129,3,3,129,2179169.6851502354,3763048.194521058,18.79753168402778,232,360,5.784452427621095,4.957335340241542,20.82402873943594,0.03258683445584505,/data/keeling/a/mingfei5/a/data/original/BCwave_b15n6s5.nc
BCwave_b2n1s5,2.0,1,5,S20_plus10_overlap0.3_identity,independent_permissive_overlap_identity,10,0.3,100000.0,0,1.0,129,3,3,129,4133775.7426504893,6592592.081474197,28.397876953124943,179,307,9.937503913224353,6.9234832385779175,35.77501408760767,0.03733638855525294,/data/keeling/a/mingfei5/a/data/original/BCwave_b2n1s5.nc
BCwave_b2n3s5,2.0,3,5,S20_plus10_overlap0.3_identity,independent_permissive_overlap_identity,10,0.3,100000.0,0,1.0,106,2,2,106,2643396.9013426923,7681195.755221643,24.683705078125058,194,299,24.783872502901346,6.704348634519866,89.22194101044485,0.10330585126626671,/data/keeling/a/mingfei5/a/data/original/BCwave_b2n3s5.nc
BCwave_b2n6s5,2.0,6,5,S20_plus10_overlap0.3_identity,independent_permissive_overlap_identity,10,0.3,100000.0,0,1.0,148,3,3,148,3229941.7265644297,5200673.775583334,20.359451388888846,213,360,9.210249104228811,5.654173904586479,33.15689677522372,0.037553708684972535,/data/keeling/a/mingfei5/a/data/original/BCwave_b2n6s5.nc
BCwave_b1n1s10,1.0,1,10,S20_plus10_overlap0.3_identity,independent_permissive_overlap_identity,10,0.3,100000.0,0,1.0,143,2,2,143,2193247.205940022,4427112.002467468,23.594320963541687,218,360,7.41269001783222,2.573614331659014,26.68568406419599,0.03751958473844579,/data/keeling/a/mingfei5/a/data/original/BCwave_b1n1s10.nc
BCwave_b1n3s10,1.0,3,10,S20_plus10_overlap0.3_identity,independent_permissive_overlap_identity,10,0.3,100000.0,0,1.0,129,2,2,129,783971.8523864488,1286025.1931769873,15.650930555555533,232,360,6.8531526750848775,3.2085054112760285,24.671349630305556,0.058118688566825526,/data/keeling/a/mingfei5/a/data/original/BCwave_b1n3s10.nc
BCwave_b1n6s10,1.0,6,10,S20_plus10_overlap0.3_identity,independent_permissive_overlap_identity,10,0.3,100000.0,0,1.0,99,1,1,99,1153583.8307169175,1974553.8714071002,16.30861480034728,262,360,4.7187975775541595,4.0586562891629,16.987671279194977,0.035990629002880505,/data/keeling/a/mingfei5/a/data/original/BCwave_b1n6s10.nc
BCwave_b15n1s10,1.5,1,10,S20_plus10_overlap0.3_identity,independent_permissive_overlap_identity,10,0.3,100000.0,0,2.0,171,3,3,171,5524810.955151984,13966958.112809315,28.409880859374972,190,360,19.73365773046979,4.124130607754493,71.04116782969125,0.05384580783937322,/data/keeling/a/mingfei5/a/data/original/BCwave_b15n1s10.nc
BCwave_b15n3s10,1.5,3,10,S20_plus10_overlap0.3_identity,independent_permissive_overlap_identity,10,0.3,100000.0,0,2.0,142,4,4,142,2267157.4834615425,6462595.763249017,23.134671223958286,197,338,14.049890084330594,2.2122308179918844,50.57960430359014,0.054522475827599184,/data/keeling/a/mingfei5/a/data/original/BCwave_b15n3s10.nc
BCwave_b15n6s10,1.5,6,10,S20_plus10_overlap0.3_identity,independent_permissive_overlap_identity,10,0.3,100000.0,0,2.0,151,4,4,151,2545010.4055442903,3977011.2427067882,21.491865668402752,210,360,7.555126658011706,5.0260275718183305,27.198455968842143,0.03561794832128971,/data/keeling/a/mingfei5/a/data/original/BCwave_b15n6s10.nc
BCwave_b2n1s10,2.0,1,10,S20_plus10_overlap0.3_identity,independent_permissive_overlap_identity,10,0.3,100000.0,0,2.0,187,2,2,187,7322543.12845898,20891064.14087092,69.32356553819437,174,360,17.833589032915455,2.0096647678421786,64.20092051849564,0.04371861462713607,/data/keeling/a/mingfei5/a/data/original/BCwave_b2n1s10.nc
BCwave_b2n3s10,2.0,3,10,S20_plus10_overlap0.3_identity,independent_permissive_overlap_identity,10,0.3,100000.0,0,5.0,99,3,3,99,7089199.181074734,18036593.110977624,30.68940125868059,262,360,28.748650837507192,18.751173996139784,103.4951430150259,0.06906418367606604,/data/keeling/a/mingfei5/a/data/original/BCwave_b2n3s10.nc
BCwave_b2n6s10,2.0,6,10,S20_plus10_overlap0.3_identity,independent_permissive_overlap_identity,10,0.3,100000.0,0,2.0,168,4,4,168,3524653.2568441117,5489862.4228994865,23.232084635416687,193,360,9.396530852521858,5.901396386376686,33.82751106907869,0.036383412198247346,/data/keeling/a/mingfei5/a/data/original/BCwave_b2n6s10.nc
