definition_id,method,eddy_threshold_hpa,criterion_value,parameter,category,n_cases,mean_maximum_persistence_h,median_maximum_persistence_h,minimum_maximum_persistence_h,maximum_maximum_persistence_h
O_plus5_o0.6,contour_overlap,5,0.6,b,1.0,15,129.2,142.0,0.0,179.0
O_plus5_o0.6,contour_overlap,5,0.6,b,1.5,15,162.0,171.0,78.0,210.0
O_plus5_o0.6,contour_overlap,5,0.6,b,2.0,15,173.8,181.0,92.0,223.0
O_plus5_o0.6,contour_overlap,5,0.6,n,1.0,15,171.33333333333334,172.0,109.0,223.0
O_plus5_o0.6,contour_overlap,5,0.6,n,3.0,15,156.53333333333333,162.0,72.0,216.0
O_plus5_o0.6,contour_overlap,5,0.6,n,6.0,15,137.13333333333333,150.0,0.0,208.0
O_plus5_o0.6,contour_overlap,5,0.6,s,-10.0,9,95.22222222222223,105.0,0.0,148.0
O_plus5_o0.6,contour_overlap,5,0.6,s,-5.0,9,135.66666666666666,135.0,89.0,172.0
O_plus5_o0.6,contour_overlap,5,0.6,s,0.0,9,162.88888888888889,168.0,125.0,192.0
O_plus5_o0.6,contour_overlap,5,0.6,s,5.0,9,183.11111111111111,190.0,150.0,210.0
O_plus5_o0.6,contour_overlap,5,0.6,s,10.0,9,198.11111111111111,205.0,168.0,223.0
O_plus5_o0.8,contour_overlap,5,0.8,b,1.0,15,124.4,142.0,0.0,179.0
O_plus5_o0.8,contour_overlap,5,0.8,b,1.5,15,162.0,171.0,78.0,210.0
O_plus5_o0.8,contour_overlap,5,0.8,b,2.0,15,173.8,181.0,92.0,223.0
O_plus5_o0.8,contour_overlap,5,0.8,n,1.0,15,171.33333333333334,172.0,109.0,223.0
O_plus5_o0.8,contour_overlap,5,0.8,n,3.0,15,151.73333333333332,162.0,0.0,216.0
O_plus5_o0.8,contour_overlap,5,0.8,n,6.0,15,137.13333333333333,150.0,0.0,208.0
O_plus5_o0.8,contour_overlap,5,0.8,s,-10.0,9,87.22222222222223,105.0,0.0,148.0
O_plus5_o0.8,contour_overlap,5,0.8,s,-5.0,9,135.66666666666666,135.0,89.0,172.0
O_plus5_o0.8,contour_overlap,5,0.8,s,0.0,9,162.88888888888889,168.0,125.0,192.0
O_plus5_o0.8,contour_overlap,5,0.8,s,5.0,9,183.11111111111111,190.0,150.0,210.0
O_plus5_o0.8,contour_overlap,5,0.8,s,10.0,9,198.11111111111111,205.0,168.0,223.0
O_plus5_o0.9,contour_overlap,5,0.9,b,1.0,15,124.4,142.0,0.0,179.0
O_plus5_o0.9,contour_overlap,5,0.9,b,1.5,15,161.8,171.0,75.0,210.0
O_plus5_o0.9,contour_overlap,5,0.9,b,2.0,15,173.8,181.0,92.0,223.0
O_plus5_o0.9,contour_overlap,5,0.9,n,1.0,15,171.33333333333334,172.0,109.0,223.0
O_plus5_o0.9,contour_overlap,5,0.9,n,3.0,15,151.73333333333332,162.0,0.0,216.0
O_plus5_o0.9,contour_overlap,5,0.9,n,6.0,15,136.93333333333334,150.0,0.0,208.0
O_plus5_o0.9,contour_overlap,5,0.9,s,-10.0,9,86.88888888888889,105.0,0.0,148.0
O_plus5_o0.9,contour_overlap,5,0.9,s,-5.0,9,135.66666666666666,135.0,89.0,172.0
O_plus5_o0.9,contour_overlap,5,0.9,s,0.0,9,162.88888888888889,168.0,125.0,192.0
O_plus5_o0.9,contour_overlap,5,0.9,s,5.0,9,183.11111111111111,190.0,150.0,210.0
O_plus5_o0.9,contour_overlap,5,0.9,s,10.0,9,198.11111111111111,205.0,168.0,223.0
O_plus10_o0.6,contour_overlap,10,0.6,b,1.0,15,53.0,0.0,0.0,143.0
O_plus10_o0.6,contour_overlap,10,0.6,b,1.5,15,108.8,128.0,0.0,181.0
O_plus10_o0.6,contour_overlap,10,0.6,b,2.0,15,127.53333333333333,143.0,0.0,197.0
O_plus10_o0.6,contour_overlap,10,0.6,n,1.0,15,132.13333333333333,143.0,0.0,197.0
O_plus10_o0.6,contour_overlap,10,0.6,n,3.0,15,91.4,109.0,0.0,186.0
O_plus10_o0.6,contour_overlap,10,0.6,n,6.0,15,65.8,72.0,0.0,171.0
O_plus10_o0.6,contour_overlap,10,0.6,s,-10.0,9,23.444444444444443,0.0,0.0,114.0
O_plus10_o0.6,contour_overlap,10,0.6,s,-5.0,9,69.0,81.0,0.0,143.0
O_plus10_o0.6,contour_overlap,10,0.6,s,0.0,9,100.33333333333333,119.0,0.0,164.0
O_plus10_o0.6,contour_overlap,10,0.6,s,5.0,9,130.55555555555554,148.0,0.0,182.0
O_plus10_o0.6,contour_overlap,10,0.6,s,10.0,9,158.88888888888889,171.0,99.0,197.0
O_plus10_o0.8,contour_overlap,10,0.8,b,1.0,15,53.0,0.0,0.0,143.0
O_plus10_o0.8,contour_overlap,10,0.8,b,1.5,15,108.8,128.0,0.0,181.0
O_plus10_o0.8,contour_overlap,10,0.8,b,2.0,15,127.53333333333333,143.0,0.0,197.0
O_plus10_o0.8,contour_overlap,10,0.8,n,1.0,15,132.13333333333333,143.0,0.0,197.0
O_plus10_o0.8,contour_overlap,10,0.8,n,3.0,15,91.4,109.0,0.0,186.0
O_plus10_o0.8,contour_overlap,10,0.8,n,6.0,15,65.8,72.0,0.0,171.0
O_plus10_o0.8,contour_overlap,10,0.8,s,-10.0,9,23.444444444444443,0.0,0.0,114.0
O_plus10_o0.8,contour_overlap,10,0.8,s,-5.0,9,69.0,81.0,0.0,143.0
O_plus10_o0.8,contour_overlap,10,0.8,s,0.0,9,100.33333333333333,119.0,0.0,164.0
O_plus10_o0.8,contour_overlap,10,0.8,s,5.0,9,130.55555555555554,148.0,0.0,182.0
O_plus10_o0.8,contour_overlap,10,0.8,s,10.0,9,158.88888888888889,171.0,99.0,197.0
O_plus10_o0.9,contour_overlap,10,0.9,b,1.0,15,52.666666666666664,0.0,0.0,143.0
O_plus10_o0.9,contour_overlap,10,0.9,b,1.5,15,108.66666666666667,128.0,0.0,181.0
O_plus10_o0.9,contour_overlap,10,0.9,b,2.0,15,127.53333333333333,143.0,0.0,197.0
O_plus10_o0.9,contour_overlap,10,0.9,n,1.0,15,132.13333333333333,143.0,0.0,197.0
O_plus10_o0.9,contour_overlap,10,0.9,n,3.0,15,91.06666666666666,109.0,0.0,186.0
O_plus10_o0.9,contour_overlap,10,0.9,n,6.0,15,65.66666666666667,72.0,0.0,171.0
O_plus10_o0.9,contour_overlap,10,0.9,s,-10.0,9,23.444444444444443,0.0,0.0,114.0
O_plus10_o0.9,contour_overlap,10,0.9,s,-5.0,9,69.0,81.0,0.0,143.0
O_plus10_o0.9,contour_overlap,10,0.9,s,0.0,9,100.33333333333333,119.0,0.0,164.0
O_plus10_o0.9,contour_overlap,10,0.9,s,5.0,9,130.55555555555554,148.0,0.0,182.0
O_plus10_o0.9,contour_overlap,10,0.9,s,10.0,9,158.11111111111111,171.0,99.0,197.0
O_plus15_o0.6,contour_overlap,15,0.6,b,1.0,15,17.266666666666666,0.0,0.0,98.0
O_plus15_o0.6,contour_overlap,15,0.6,b,1.5,15,58.733333333333334,0.0,0.0,159.0
O_plus15_o0.6,contour_overlap,15,0.6,b,2.0,15,90.86666666666666,112.0,0.0,179.0
O_plus15_o0.6,contour_overlap,15,0.6,n,1.0,15,93.33333333333333,98.0,0.0,179.0
O_plus15_o0.6,contour_overlap,15,0.6,n,3.0,15,50.06666666666667,0.0,0.0,162.0
O_plus15_o0.6,contour_overlap,15,0.6,n,6.0,15,23.466666666666665,0.0,0.0,142.0
O_plus15_o0.6,contour_overlap,15,0.6,s,-10.0,9,9.222222222222221,0.0,0.0,83.0
O_plus15_o0.6,contour_overlap,15,0.6,s,-5.0,9,24.333333333333332,0.0,0.0,122.0
O_plus15_o0.6,contour_overlap,15,0.6,s,0.0,9,42.666666666666664,0.0,0.0,146.0
O_plus15_o0.6,contour_overlap,15,0.6,s,5.0,9,84.55555555555556,112.0,0.0,163.0
O_plus15_o0.6,contour_overlap,15,0.6,s,10.0,9,117.33333333333333,140.0,0.0,179.0
O_plus15_o0.8,contour_overlap,15,0.8,b,1.0,15,17.266666666666666,0.0,0.0,98.0
O_plus15_o0.8,contour_overlap,15,0.8,b,1.5,15,58.733333333333334,0.0,0.0,159.0
O_plus15_o0.8,contour_overlap,15,0.8,b,2.0,15,90.86666666666666,112.0,0.0,179.0
O_plus15_o0.8,contour_overlap,15,0.8,n,1.0,15,93.33333333333333,98.0,0.0,179.0
O_plus15_o0.8,contour_overlap,15,0.8,n,3.0,15,50.06666666666667,0.0,0.0,162.0
O_plus15_o0.8,contour_overlap,15,0.8,n,6.0,15,23.466666666666665,0.0,0.0,142.0
O_plus15_o0.8,contour_overlap,15,0.8,s,-10.0,9,9.222222222222221,0.0,0.0,83.0
O_plus15_o0.8,contour_overlap,15,0.8,s,-5.0,9,24.333333333333332,0.0,0.0,122.0
O_plus15_o0.8,contour_overlap,15,0.8,s,0.0,9,42.666666666666664,0.0,0.0,146.0
O_plus15_o0.8,contour_overlap,15,0.8,s,5.0,9,84.55555555555556,112.0,0.0,163.0
O_plus15_o0.8,contour_overlap,15,0.8,s,10.0,9,117.33333333333333,140.0,0.0,179.0
O_plus15_o0.9,contour_overlap,15,0.9,b,1.0,15,17.2,0.0,0.0,97.0
O_plus15_o0.9,contour_overlap,15,0.9,b,1.5,15,58.733333333333334,0.0,0.0,159.0
O_plus15_o0.9,contour_overlap,15,0.9,b,2.0,15,90.2,112.0,0.0,179.0
O_plus15_o0.9,contour_overlap,15,0.9,n,1.0,15,93.26666666666667,97.0,0.0,179.0
O_plus15_o0.9,contour_overlap,15,0.9,n,3.0,15,50.06666666666667,0.0,0.0,162.0
O_plus15_o0.9,contour_overlap,15,0.9,n,6.0,15,22.8,0.0,0.0,132.0
O_plus15_o0.9,contour_overlap,15,0.9,s,-10.0,9,9.222222222222221,0.0,0.0,83.0
O_plus15_o0.9,contour_overlap,15,0.9,s,-5.0,9,24.333333333333332,0.0,0.0,122.0
O_plus15_o0.9,contour_overlap,15,0.9,s,0.0,9,42.666666666666664,0.0,0.0,146.0
O_plus15_o0.9,contour_overlap,15,0.9,s,5.0,9,84.55555555555556,112.0,0.0,163.0
O_plus15_o0.9,contour_overlap,15,0.9,s,10.0,9,116.11111111111111,132.0,0.0,179.0
M_plus5_m0.20,size_normalized_mobility,5,0.2,b,1.0,15,78.0,90.0,0.0,95.0
M_plus5_m0.20,size_normalized_mobility,5,0.2,b,1.5,15,101.66666666666667,103.0,78.0,115.0
M_plus5_m0.20,size_normalized_mobility,5,0.2,b,2.0,15,109.06666666666666,110.0,92.0,126.0
M_plus5_m0.20,size_normalized_mobility,5,0.2,n,1.0,15,96.0,94.0,90.0,109.0
M_plus5_m0.20,size_normalized_mobility,5,0.2,n,3.0,15,95.53333333333333,104.0,0.0,120.0
M_plus5_m0.20,size_normalized_mobility,5,0.2,n,6.0,15,97.2,107.0,0.0,126.0
M_plus5_m0.20,size_normalized_mobility,5,0.2,s,-10.0,9,76.88888888888889,92.0,0.0,115.0
M_plus5_m0.20,size_normalized_mobility,5,0.2,s,-5.0,9,104.0,102.0,87.0,126.0
M_plus5_m0.20,size_normalized_mobility,5,0.2,s,0.0,9,102.55555555555556,101.0,87.0,122.0
M_plus5_m0.20,size_normalized_mobility,5,0.2,s,5.0,9,99.88888888888889,96.0,88.0,118.0
M_plus5_m0.20,size_normalized_mobility,5,0.2,s,10.0,9,97.88888888888889,94.0,88.0,114.0
M_plus5_m0.30,size_normalized_mobility,5,0.3,b,1.0,15,78.26666666666667,90.0,0.0,95.0
M_plus5_m0.30,size_normalized_mobility,5,0.3,b,1.5,15,101.73333333333333,103.0,78.0,115.0
M_plus5_m0.30,size_normalized_mobility,5,0.3,b,2.0,15,109.2,110.0,92.0,126.0
M_plus5_m0.30,size_normalized_mobility,5,0.3,n,1.0,15,96.13333333333334,94.0,90.0,109.0
M_plus5_m0.30,size_normalized_mobility,5,0.3,n,3.0,15,95.73333333333333,104.0,0.0,120.0
M_plus5_m0.30,size_normalized_mobility,5,0.3,n,6.0,15,97.33333333333333,107.0,0.0,126.0
M_plus5_m0.30,size_normalized_mobility,5,0.3,s,-10.0,9,77.0,92.0,0.0,116.0
M_plus5_m0.30,size_normalized_mobility,5,0.3,s,-5.0,9,104.11111111111111,102.0,87.0,126.0
M_plus5_m0.30,size_normalized_mobility,5,0.3,s,0.0,9,102.77777777777777,101.0,88.0,122.0
M_plus5_m0.30,size_normalized_mobility,5,0.3,s,5.0,9,100.22222222222223,97.0,88.0,118.0
M_plus5_m0.30,size_normalized_mobility,5,0.3,s,10.0,9,97.88888888888889,94.0,88.0,114.0
M_plus5_m0.40,size_normalized_mobility,5,0.4,b,1.0,15,78.26666666666667,90.0,0.0,95.0
M_plus5_m0.40,size_normalized_mobility,5,0.4,b,1.5,15,101.73333333333333,103.0,78.0,115.0
M_plus5_m0.40,size_normalized_mobility,5,0.4,b,2.0,15,109.2,110.0,92.0,126.0
M_plus5_m0.40,size_normalized_mobility,5,0.4,n,1.0,15,96.13333333333334,94.0,90.0,109.0
M_plus5_m0.40,size_normalized_mobility,5,0.4,n,3.0,15,95.73333333333333,104.0,0.0,120.0
M_plus5_m0.40,size_normalized_mobility,5,0.4,n,6.0,15,97.33333333333333,107.0,0.0,126.0
M_plus5_m0.40,size_normalized_mobility,5,0.4,s,-10.0,9,77.0,92.0,0.0,116.0
M_plus5_m0.40,size_normalized_mobility,5,0.4,s,-5.0,9,104.11111111111111,102.0,87.0,126.0
M_plus5_m0.40,size_normalized_mobility,5,0.4,s,0.0,9,102.77777777777777,101.0,88.0,122.0
M_plus5_m0.40,size_normalized_mobility,5,0.4,s,5.0,9,100.22222222222223,97.0,88.0,118.0
M_plus5_m0.40,size_normalized_mobility,5,0.4,s,10.0,9,97.88888888888889,94.0,88.0,114.0
M_plus10_m0.20,size_normalized_mobility,10,0.2,b,1.0,15,46.93333333333333,0.0,0.0,124.0
M_plus10_m0.20,size_normalized_mobility,10,0.2,b,1.5,15,68.33333333333333,85.0,0.0,129.0
M_plus10_m0.20,size_normalized_mobility,10,0.2,b,2.0,15,74.13333333333334,85.0,0.0,96.0
M_plus10_m0.20,size_normalized_mobility,10,0.2,n,1.0,15,78.73333333333333,81.0,0.0,128.0
M_plus10_m0.20,size_normalized_mobility,10,0.2,n,3.0,15,60.8,85.0,0.0,124.0
M_plus10_m0.20,size_normalized_mobility,10,0.2,n,6.0,15,49.86666666666667,72.0,0.0,129.0
M_plus10_m0.20,size_normalized_mobility,10,0.2,s,-10.0,9,20.77777777777778,0.0,0.0,96.0
M_plus10_m0.20,size_normalized_mobility,10,0.2,s,-5.0,9,55.111111111111114,81.0,0.0,94.0
M_plus10_m0.20,size_normalized_mobility,10,0.2,s,0.0,9,74.88888888888889,85.0,0.0,128.0
M_plus10_m0.20,size_normalized_mobility,10,0.2,s,5.0,9,74.0,85.0,0.0,129.0
M_plus10_m0.20,size_normalized_mobility,10,0.2,s,10.0,9,90.88888888888889,87.0,76.0,124.0
M_plus10_m0.30,size_normalized_mobility,10,0.3,b,1.0,15,51.06666666666667,0.0,0.0,138.0
M_plus10_m0.30,size_normalized_mobility,10,0.3,b,1.5,15,69.26666666666667,85.0,0.0,129.0
M_plus10_m0.30,size_normalized_mobility,10,0.3,b,2.0,15,74.13333333333334,85.0,0.0,96.0
M_plus10_m0.30,size_normalized_mobility,10,0.3,n,1.0,15,83.6,88.0,0.0,138.0
M_plus10_m0.30,size_normalized_mobility,10,0.3,n,3.0,15,60.86666666666667,85.0,0.0,124.0
M_plus10_m0.30,size_normalized_mobility,10,0.3,n,6.0,15,50.0,72.0,0.0,129.0
M_plus10_m0.30,size_normalized_mobility,10,0.3,s,-10.0,9,20.88888888888889,0.0,0.0,97.0
M_plus10_m0.30,size_normalized_mobility,10,0.3,s,-5.0,9,55.22222222222222,81.0,0.0,94.0
M_plus10_m0.30,size_normalized_mobility,10,0.3,s,0.0,9,74.88888888888889,85.0,0.0,128.0
M_plus10_m0.30,size_normalized_mobility,10,0.3,s,5.0,9,74.0,85.0,0.0,129.0
M_plus10_m0.30,size_normalized_mobility,10,0.3,s,10.0,9,99.11111111111111,88.0,85.0,138.0
M_plus10_m0.40,size_normalized_mobility,10,0.4,b,1.0,15,51.06666666666667,0.0,0.0,138.0
M_plus10_m0.40,size_normalized_mobility,10,0.4,b,1.5,15,81.13333333333334,88.0,0.0,129.0
M_plus10_m0.40,size_normalized_mobility,10,0.4,b,2.0,15,77.46666666666667,85.0,0.0,119.0
M_plus10_m0.40,size_normalized_mobility,10,0.4,n,1.0,15,95.46666666666667,97.0,0.0,138.0
M_plus10_m0.40,size_normalized_mobility,10,0.4,n,3.0,15,62.4,85.0,0.0,124.0
M_plus10_m0.40,size_normalized_mobility,10,0.4,n,6.0,15,51.8,72.0,0.0,129.0
M_plus10_m0.40,size_normalized_mobility,10,0.4,s,-10.0,9,23.444444444444443,0.0,0.0,114.0
M_plus10_m0.40,size_normalized_mobility,10,0.4,s,-5.0,9,55.22222222222222,81.0,0.0,94.0
M_plus10_m0.40,size_normalized_mobility,10,0.4,s,0.0,9,77.88888888888889,85.0,0.0,128.0
M_plus10_m0.40,size_normalized_mobility,10,0.4,s,5.0,9,90.44444444444444,98.0,0.0,129.0
M_plus10_m0.40,size_normalized_mobility,10,0.4,s,10.0,9,102.44444444444444,96.0,85.0,138.0
M_plus15_m0.20,size_normalized_mobility,15,0.2,b,1.0,15,17.066666666666666,0.0,0.0,95.0
M_plus15_m0.20,size_normalized_mobility,15,0.2,b,1.5,15,51.8,0.0,0.0,140.0
M_plus15_m0.20,size_normalized_mobility,15,0.2,b,2.0,15,81.8,110.0,0.0,162.0
M_plus15_m0.20,size_normalized_mobility,15,0.2,n,1.0,15,77.26666666666667,96.0,0.0,146.0
M_plus15_m0.20,size_normalized_mobility,15,0.2,n,3.0,15,50.06666666666667,0.0,0.0,162.0
M_plus15_m0.20,size_normalized_mobility,15,0.2,n,6.0,15,23.333333333333332,0.0,0.0,140.0
M_plus15_m0.20,size_normalized_mobility,15,0.2,s,-10.0,9,9.222222222222221,0.0,0.0,83.0
M_plus15_m0.20,size_normalized_mobility,15,0.2,s,-5.0,9,24.22222222222222,0.0,0.0,122.0
M_plus15_m0.20,size_normalized_mobility,15,0.2,s,0.0,9,41.333333333333336,0.0,0.0,146.0
M_plus15_m0.20,size_normalized_mobility,15,0.2,s,5.0,9,73.44444444444444,98.0,0.0,142.0
M_plus15_m0.20,size_normalized_mobility,15,0.2,s,10.0,9,102.88888888888889,103.0,0.0,162.0
M_plus15_m0.30,size_normalized_mobility,15,0.3,b,1.0,15,17.266666666666666,0.0,0.0,98.0
M_plus15_m0.30,size_normalized_mobility,15,0.3,b,1.5,15,51.86666666666667,0.0,0.0,140.0
M_plus15_m0.30,size_normalized_mobility,15,0.3,b,2.0,15,82.0,111.0,0.0,162.0
M_plus15_m0.30,size_normalized_mobility,15,0.3,n,1.0,15,77.6,98.0,0.0,146.0
M_plus15_m0.30,size_normalized_mobility,15,0.3,n,3.0,15,50.06666666666667,0.0,0.0,162.0
M_plus15_m0.30,size_normalized_mobility,15,0.3,n,6.0,15,23.466666666666665,0.0,0.0,142.0
M_plus15_m0.30,size_normalized_mobility,15,0.3,s,-10.0,9,9.222222222222221,0.0,0.0,83.0
M_plus15_m0.30,size_normalized_mobility,15,0.3,s,-5.0,9,24.333333333333332,0.0,0.0,122.0
M_plus15_m0.30,size_normalized_mobility,15,0.3,s,0.0,9,41.333333333333336,0.0,0.0,146.0
M_plus15_m0.30,size_normalized_mobility,15,0.3,s,5.0,9,73.44444444444444,98.0,0.0,142.0
M_plus15_m0.30,size_normalized_mobility,15,0.3,s,10.0,9,103.55555555555556,103.0,0.0,162.0
M_plus15_m0.40,size_normalized_mobility,15,0.4,b,1.0,15,17.266666666666666,0.0,0.0,98.0
M_plus15_m0.40,size_normalized_mobility,15,0.4,b,1.5,15,52.666666666666664,0.0,0.0,140.0
M_plus15_m0.40,size_normalized_mobility,15,0.4,b,2.0,15,87.26666666666667,112.0,0.0,162.0
M_plus15_m0.40,size_normalized_mobility,15,0.4,n,1.0,15,83.66666666666667,98.0,0.0,156.0
M_plus15_m0.40,size_normalized_mobility,15,0.4,n,3.0,15,50.06666666666667,0.0,0.0,162.0
M_plus15_m0.40,size_normalized_mobility,15,0.4,n,6.0,15,23.466666666666665,0.0,0.0,142.0
M_plus15_m0.40,size_normalized_mobility,15,0.4,s,-10.0,9,9.222222222222221,0.0,0.0,83.0
M_plus15_m0.40,size_normalized_mobility,15,0.4,s,-5.0,9,24.333333333333332,0.0,0.0,122.0
M_plus15_m0.40,size_normalized_mobility,15,0.4,s,0.0,9,42.666666666666664,0.0,0.0,146.0
M_plus15_m0.40,size_normalized_mobility,15,0.4,s,5.0,9,77.22222222222223,109.0,0.0,142.0
M_plus15_m0.40,size_normalized_mobility,15,0.4,s,10.0,9,108.55555555555556,103.0,0.0,162.0
