figure,ensemble,b,metric,pressure_hpa,mean,bootstrap_ci_low,bootstrap_ci_high,n_ns_groups,group_mean_peak_abs_pressure_hpa,group_mean_peak_value
initial_vertical_structure_standard_vs_u30,standard,1.0,initial_vertical_wind_shear,10.0,0.03621590949478559,0.03350103200318699,0.03893171137557753,15,,
initial_vertical_structure_standard_vs_u30,standard,1.0,initial_vertical_wind_shear,50.0,-0.04516829164155448,-0.048555688651201,-0.0417819335477058,15,,
initial_vertical_structure_standard_vs_u30,standard,1.0,initial_vertical_wind_shear,100.0,-0.29626105291148025,-0.318470331064115,-0.2739985749697856,15,,
initial_vertical_structure_standard_vs_u30,standard,1.0,initial_vertical_wind_shear,150.0,-0.7566353733030459,-0.8135089069643678,-0.6994575655941541,15,,
initial_vertical_structure_standard_vs_u30,standard,1.0,initial_vertical_wind_shear,200.0,-1.2493293654794495,-1.3434537368205686,-1.1543377217215798,15,,
initial_vertical_structure_standard_vs_u30,standard,1.0,initial_vertical_wind_shear,250.0,-1.5723764430731535,-1.6910262910338738,-1.452344084973447,15,,
initial_vertical_structure_standard_vs_u30,standard,1.0,initial_vertical_wind_shear,300.0,-1.5834366359437506,-1.7029688994322594,-1.4624442165950313,15,,
initial_vertical_structure_standard_vs_u30,standard,1.0,initial_vertical_wind_shear,400.0,-0.9218532165202001,-0.9912892722059041,-0.8518478068678329,15,,
initial_vertical_structure_standard_vs_u30,standard,1.0,initial_vertical_wind_shear,500.0,0.1469139902231594,0.13580684045640132,0.15797791214329968,15,,
initial_vertical_structure_standard_vs_u30,standard,1.0,initial_vertical_wind_shear,600.0,1.2766549518952768,1.1794456713444865,1.3743646770793323,15,,
initial_vertical_structure_standard_vs_u30,standard,1.0,initial_vertical_wind_shear,700.0,2.18466316194584,2.0160267571918666,2.354662087551939,15,,
initial_vertical_structure_standard_vs_u30,standard,1.0,initial_vertical_wind_shear,850.0,3.0163300378868976,2.780829408826927,3.2545903635521727,15,,
initial_vertical_structure_standard_vs_u30,standard,1.0,initial_vertical_wind_shear,925.0,3.2066885537157455,2.9558620206080377,3.4605521122769765,15,,
initial_vertical_structure_standard_vs_u30,standard,1.0,initial_vertical_wind_shear,975.0,3.241755161434412,2.9881177916346737,3.4983790091549354,15,,
initial_vertical_structure_standard_vs_u30,standard,1.0,initial_vertical_wind_shear,1000.0,3.2441025910278163,2.990289543522522,3.500816525969033,15,,
initial_vertical_structure_standard_vs_u30,standard,1.5,initial_vertical_wind_shear,10.0,0.3669577611920734,0.33942154856049456,0.3945999105053488,15,,
initial_vertical_structure_standard_vs_u30,standard,1.5,initial_vertical_wind_shear,50.0,-0.7175507062735657,-0.7721964876206281,-0.6636726354675678,15,,
initial_vertical_structure_standard_vs_u30,standard,1.5,initial_vertical_wind_shear,100.0,-1.4841479171688359,-1.6001245371686914,-1.3727502916784335,15,,
initial_vertical_structure_standard_vs_u30,standard,1.5,initial_vertical_wind_shear,150.0,-1.7651689006015658,-1.9045055250171572,-1.6326354707901676,15,,
initial_vertical_structure_standard_vs_u30,standard,1.5,initial_vertical_wind_shear,200.0,-1.5777172210315864,-1.7015861044637859,-1.4592656035286686,15,,
initial_vertical_structure_standard_vs_u30,standard,1.5,initial_vertical_wind_shear,250.0,-1.1223704049674172,-1.2094019065261818,-1.0381261160364375,15,,
initial_vertical_structure_standard_vs_u30,standard,1.5,initial_vertical_wind_shear,300.0,-0.5252439858547101,-0.5653289832601635,-0.4857799860474188,15,,
initial_vertical_structure_standard_vs_u30,standard,1.5,initial_vertical_wind_shear,400.0,0.666250967575858,0.6161210793652572,0.7170217820870068,15,,
initial_vertical_structure_standard_vs_u30,standard,1.5,initial_vertical_wind_shear,500.0,1.6391661173353593,1.514402530932178,1.7682111379690468,15,,
initial_vertical_structure_standard_vs_u30,standard,1.5,initial_vertical_wind_shear,600.0,2.357194929694136,2.176283162164812,2.5468066066969186,15,,
initial_vertical_structure_standard_vs_u30,standard,1.5,initial_vertical_wind_shear,700.0,2.8213877386103072,2.6037278414393463,3.050969518565883,15,,
initial_vertical_structure_standard_vs_u30,standard,1.5,initial_vertical_wind_shear,850.0,3.181410813704133,2.935314929733674,3.4411735204048455,15,,
initial_vertical_structure_standard_vs_u30,standard,1.5,initial_vertical_wind_shear,925.0,3.247479163110256,2.9962976470900076,3.512675028371935,15,,
initial_vertical_structure_standard_vs_u30,standard,1.5,initial_vertical_wind_shear,975.0,3.2475771382451057,2.9963914650337147,3.5125786031130697,15,,
initial_vertical_structure_standard_vs_u30,standard,1.5,initial_vertical_wind_shear,1000.0,3.240573344131311,2.9898852486318597,3.5048544686287637,15,,
initial_vertical_structure_standard_vs_u30,standard,2.0,initial_vertical_wind_shear,10.0,-0.05123072745239673,-0.055062659084796906,-0.04738625115957499,15,,
initial_vertical_structure_standard_vs_u30,standard,2.0,initial_vertical_wind_shear,50.0,-1.4400349386657278,-1.5488889646561195,-1.330874934210442,15,,
initial_vertical_structure_standard_vs_u30,standard,2.0,initial_vertical_wind_shear,100.0,-1.7466860668112834,-1.8791742320172489,-1.614023644748765,15,,
initial_vertical_structure_standard_vs_u30,standard,2.0,initial_vertical_wind_shear,150.0,-1.2762227561324835,-1.3726212645027165,-1.179624622842918,15,,
initial_vertical_structure_standard_vs_u30,standard,2.0,initial_vertical_wind_shear,200.0,-0.5786241594857225,-0.622048824589001,-0.534949708186711,15,,
initial_vertical_structure_standard_vs_u30,standard,2.0,initial_vertical_wind_shear,250.0,0.11346438356364767,0.10491141308496783,0.12195723774008609,15,,
initial_vertical_structure_standard_vs_u30,standard,2.0,initial_vertical_wind_shear,300.0,0.7402891564803818,0.6841937885231649,0.7962857795064338,15,,
initial_vertical_structure_standard_vs_u30,standard,2.0,initial_vertical_wind_shear,400.0,1.7212152481079102,1.5883883570010464,1.854213808546774,15,,
initial_vertical_structure_standard_vs_u30,standard,2.0,initial_vertical_wind_shear,500.0,2.3892261863996587,2.202216064712654,2.576272120156015,15,,
initial_vertical_structure_standard_vs_u30,standard,2.0,initial_vertical_wind_shear,600.0,2.8208591043949127,2.5979068223387003,3.0433830079467348,15,,
initial_vertical_structure_standard_vs_u30,standard,2.0,initial_vertical_wind_shear,700.0,3.072238046055039,2.8284501327046505,3.315484746126458,15,,
initial_vertical_structure_standard_vs_u30,standard,2.0,initial_vertical_wind_shear,850.0,3.2434371610482535,2.986401602004965,3.500461459625512,15,,
initial_vertical_structure_standard_vs_u30,standard,2.0,initial_vertical_wind_shear,925.0,3.263909990588824,3.0055070586968213,3.522340280081456,15,,
initial_vertical_structure_standard_vs_u30,standard,2.0,initial_vertical_wind_shear,975.0,3.2516421439747014,2.9943832952994853,3.5089396491336324,15,,
initial_vertical_structure_standard_vs_u30,standard,2.0,initial_vertical_wind_shear,1000.0,3.2413446189214787,2.984971368762975,3.497764105753352,15,,
initial_vertical_structure_standard_vs_u30,u30,1.0,initial_vertical_wind_shear,10.0,0.07238289593563725,0.06695493149284934,0.07781174424962956,15,,
initial_vertical_structure_standard_vs_u30,u30,1.0,initial_vertical_wind_shear,50.0,-0.09026867628563195,-0.09703861588301757,-0.08349880289946061,15,,
initial_vertical_structure_standard_vs_u30,u30,1.0,initial_vertical_wind_shear,100.0,-0.5914565020551285,-0.6358612280746456,-0.5469549068948254,15,,
initial_vertical_structure_standard_vs_u30,u30,1.0,initial_vertical_wind_shear,150.0,-1.5066682749117415,-1.620510610130926,-1.3922863857199748,15,,
initial_vertical_structure_standard_vs_u30,u30,1.0,initial_vertical_wind_shear,200.0,-2.481111604720354,-2.6695790929564582,-2.2908425909311823,15,,
initial_vertical_structure_standard_vs_u30,u30,1.0,initial_vertical_wind_shear,250.0,-3.117302401612202,-3.3552091013795384,-2.8765851088489094,15,,
initial_vertical_structure_standard_vs_u30,u30,1.0,initial_vertical_wind_shear,300.0,-3.1378318400432668,-3.3776114927604795,-2.8950879552091164,15,,
initial_vertical_structure_standard_vs_u30,u30,1.0,initial_vertical_wind_shear,400.0,-1.8316970905289054,-1.97085348093727,-1.6914878878742456,15,,
initial_vertical_structure_standard_vs_u30,u30,1.0,initial_vertical_wind_shear,500.0,0.29361299239099026,0.2714221027660339,0.3157272479923753,15,,
initial_vertical_structure_standard_vs_u30,u30,1.0,initial_vertical_wind_shear,600.0,2.572551198924581,2.369963111511121,2.77494656930988,15,,
initial_vertical_structure_standard_vs_u30,u30,1.0,initial_vertical_wind_shear,700.0,4.4338947006811695,4.070430155455446,4.794860240848114,15,,
initial_vertical_structure_standard_vs_u30,u30,1.0,initial_vertical_wind_shear,850.0,6.160005244115989,5.640967450259875,6.675788417148093,15,,
initial_vertical_structure_standard_vs_u30,u30,1.0,initial_vertical_wind_shear,925.0,6.55447393655777,5.9995350187333925,7.105781385519852,15,,
initial_vertical_structure_standard_vs_u30,u30,1.0,initial_vertical_wind_shear,975.0,6.624835294981797,6.063812764671942,7.182195838540792,15,,
initial_vertical_structure_standard_vs_u30,u30,1.0,initial_vertical_wind_shear,1000.0,6.627857405692339,6.067047193646431,7.185248270786056,15,,
initial_vertical_structure_standard_vs_u30,u30,1.5,initial_vertical_wind_shear,10.0,0.48921980196610093,0.45252876768548356,0.5257131280571533,15,,
initial_vertical_structure_standard_vs_u30,u30,1.5,initial_vertical_wind_shear,50.0,-0.955716617560635,-1.0268760755813369,-0.8842236468141588,15,,
initial_vertical_structure_standard_vs_u30,u30,1.5,initial_vertical_wind_shear,100.0,-1.9734324654564261,-2.120891670929268,-1.825610815625017,15,,
initial_vertical_structure_standard_vs_u30,u30,1.5,initial_vertical_wind_shear,150.0,-2.3457399181400738,-2.520826342127596,-2.1699983793466044,15,,
initial_vertical_structure_standard_vs_u30,u30,1.5,initial_vertical_wind_shear,200.0,-2.0971553788209953,-2.2537119938836745,-1.9400286606590573,15,,
initial_vertical_structure_standard_vs_u30,u30,1.5,initial_vertical_wind_shear,250.0,-1.4930203945065539,-1.604425052452522,-1.381240279103319,15,,
initial_vertical_structure_standard_vs_u30,u30,1.5,initial_vertical_wind_shear,300.0,-0.6994485234220823,-0.7515615891315974,-0.6471390448859893,15,,
initial_vertical_structure_standard_vs_u30,u30,1.5,initial_vertical_wind_shear,400.0,0.8893699501641095,0.8220054565269189,0.9562635372276418,15,,
initial_vertical_structure_standard_vs_u30,u30,1.5,initial_vertical_wind_shear,500.0,2.19317931526651,2.022860752573858,2.3612482496537264,15,,
initial_vertical_structure_standard_vs_u30,u30,1.5,initial_vertical_wind_shear,600.0,3.159438337509831,2.9096566955558956,3.404760389821604,15,,
initial_vertical_structure_standard_vs_u30,u30,1.5,initial_vertical_wind_shear,700.0,3.7858291529119015,3.483197292080149,4.082272637945911,15,,
initial_vertical_structure_standard_vs_u30,u30,1.5,initial_vertical_wind_shear,850.0,4.271728762735923,3.9279704925138503,4.607841688751553,15,,
initial_vertical_structure_standard_vs_u30,u30,1.5,initial_vertical_wind_shear,925.0,4.36043506488204,4.009542476075391,4.703563927129532,15,,
initial_vertical_structure_standard_vs_u30,u30,1.5,initial_vertical_wind_shear,975.0,4.360089187199871,4.009527864788348,4.703045593729864,15,,
initial_vertical_structure_standard_vs_u30,u30,1.5,initial_vertical_wind_shear,1000.0,4.350355841840307,4.000764635469144,4.692477621526146,15,,
initial_vertical_structure_standard_vs_u30,u30,2.0,initial_vertical_wind_shear,10.0,-0.05117673572385684,-0.05501806014459968,-0.04734967251351918,15,,
initial_vertical_structure_standard_vs_u30,u30,2.0,initial_vertical_wind_shear,50.0,-1.4390108253185947,-1.5498147146233048,-1.3306735432706773,15,,
initial_vertical_structure_standard_vs_u30,u30,2.0,initial_vertical_wind_shear,100.0,-1.7454513426249225,-1.880537853964294,-1.6138994150484602,15,,
initial_vertical_structure_standard_vs_u30,u30,2.0,initial_vertical_wind_shear,150.0,-1.2753181780378025,-1.373273769277148,-1.1793002623987074,15,,
initial_vertical_structure_standard_vs_u30,u30,2.0,initial_vertical_wind_shear,200.0,-0.5782123286432276,-0.6219959978867943,-0.534813336659378,15,,
initial_vertical_structure_standard_vs_u30,u30,2.0,initial_vertical_wind_shear,250.0,0.11338384307843323,0.10485255264939042,0.12191709663359991,15,,
initial_vertical_structure_standard_vs_u30,u30,2.0,initial_vertical_wind_shear,300.0,0.7397583879840871,0.6840837449029398,0.7961657866447542,15,,
initial_vertical_structure_standard_vs_u30,u30,2.0,initial_vertical_wind_shear,400.0,1.7199714823315542,1.5891468443442136,1.855590224149637,15,,
initial_vertical_structure_standard_vs_u30,u30,2.0,initial_vertical_wind_shear,500.0,2.3874923897286258,2.2041840909514576,2.580356840432311,15,,
initial_vertical_structure_standard_vs_u30,u30,2.0,initial_vertical_wind_shear,600.0,2.818806112433473,2.6013756512353816,3.048981293104589,15,,
initial_vertical_structure_standard_vs_u30,u30,2.0,initial_vertical_wind_shear,700.0,3.069998137652874,2.832570164464414,3.3202377799898386,15,,
initial_vertical_structure_standard_vs_u30,u30,2.0,initial_vertical_wind_shear,850.0,3.241071105003357,2.9900283754492802,3.5056824652322875,15,,
initial_vertical_structure_standard_vs_u30,u30,2.0,initial_vertical_wind_shear,925.0,3.261529995749394,3.008692231184493,3.52832970675081,15,,
initial_vertical_structure_standard_vs_u30,u30,2.0,initial_vertical_wind_shear,975.0,3.2492725644260645,2.9976100222362825,3.515455292460198,15,,
initial_vertical_structure_standard_vs_u30,u30,2.0,initial_vertical_wind_shear,1000.0,3.238983095313112,2.9881267133168876,3.5041432637566077,15,,
initial_vertical_structure_standard_vs_u30,standard,1.0,initial_meridional_temperature_gradient,10.0,0.00048211255358291777,0.0004017213719083775,0.0005703309854017864,15,,
initial_vertical_structure_standard_vs_u30,standard,1.0,initial_meridional_temperature_gradient,50.0,-0.018851514897259374,-0.020731162623614335,-0.01707167481453572,15,,
initial_vertical_structure_standard_vs_u30,standard,1.0,initial_meridional_temperature_gradient,100.0,-0.4402192246288905,-0.48448131745241574,-0.39847621740326156,15,,
initial_vertical_structure_standard_vs_u30,standard,1.0,initial_meridional_temperature_gradient,150.0,-1.5790085550785686,-1.7385261272314285,-1.428931604436912,15,,
initial_vertical_structure_standard_vs_u30,standard,1.0,initial_meridional_temperature_gradient,200.0,-2.9484751394193154,-3.247516677144328,-2.6667208127643494,15,,
initial_vertical_structure_standard_vs_u30,standard,1.0,initial_meridional_temperature_gradient,250.0,-3.944749596485053,-4.347229137996085,-3.565390657058743,15,,
initial_vertical_structure_standard_vs_u30,standard,1.0,initial_meridional_temperature_gradient,300.0,-4.251186328474432,-4.687024254129331,-3.8403903852213266,15,,
initial_vertical_structure_standard_vs_u30,standard,1.0,initial_meridional_temperature_gradient,400.0,-2.8384391422756985,-3.1268652010870333,-2.5662722805464004,15,,
initial_vertical_structure_standard_vs_u30,standard,1.0,initial_meridional_temperature_gradient,500.0,0.16977916269903895,0.14124684920346908,0.20085453246091825,15,,
initial_vertical_structure_standard_vs_u30,standard,1.0,initial_meridional_temperature_gradient,600.0,3.356522362688944,3.006816223205533,3.733463027325948,15,,
initial_vertical_structure_standard_vs_u30,standard,1.0,initial_meridional_temperature_gradient,700.0,5.891275486646919,5.275820718300869,6.553582064346602,15,,
initial_vertical_structure_standard_vs_u30,standard,1.0,initial_meridional_temperature_gradient,850.0,7.975702131564806,7.1224117527890485,8.895169991471144,15,,
initial_vertical_structure_standard_vs_u30,standard,1.0,initial_meridional_temperature_gradient,925.0,8.347471036055746,7.446261358836637,9.316361232170793,15,,
initial_vertical_structure_standard_vs_u30,standard,1.0,initial_meridional_temperature_gradient,975.0,8.413828830574252,7.504969427524581,9.391768515646008,15,,
initial_vertical_structure_standard_vs_u30,standard,1.0,initial_meridional_temperature_gradient,1000.0,8.401354777258044,7.492930753869587,9.378422354681483,15,,
initial_vertical_structure_standard_vs_u30,standard,1.5,initial_meridional_temperature_gradient,10.0,-0.01241735105850239,-0.013631973181382762,-0.011234171847599821,15,,
initial_vertical_structure_standard_vs_u30,standard,1.5,initial_meridional_temperature_gradient,50.0,-1.2068527439623722,-1.3270719445775587,-1.0903421614708957,15,,
initial_vertical_structure_standard_vs_u30,standard,1.5,initial_meridional_temperature_gradient,100.0,-3.3338493570530168,-3.6704732895032066,-3.00832254197303,15,,
initial_vertical_structure_standard_vs_u30,standard,1.5,initial_meridional_temperature_gradient,150.0,-4.25839267942744,-4.693365387614298,-3.838112754313746,15,,
initial_vertical_structure_standard_vs_u30,standard,1.5,initial_meridional_temperature_gradient,200.0,-3.98830852645915,-4.398732049063862,-3.5914511833349634,15,,
initial_vertical_structure_standard_vs_u30,standard,1.5,initial_meridional_temperature_gradient,250.0,-2.931953091926213,-3.2350694436900085,-2.6392956400892826,15,,
initial_vertical_structure_standard_vs_u30,standard,1.5,initial_meridional_temperature_gradient,300.0,-1.4714552662553615,-1.622792964136958,-1.3253677262052102,15,,
initial_vertical_structure_standard_vs_u30,standard,1.5,initial_meridional_temperature_gradient,400.0,1.7019790372311643,1.5257454307023484,1.8836005957230852,15,,
initial_vertical_structure_standard_vs_u30,standard,1.5,initial_meridional_temperature_gradient,500.0,4.432422398773876,3.974658921303368,4.903919566080123,15,,
initial_vertical_structure_standard_vs_u30,standard,1.5,initial_meridional_temperature_gradient,600.0,6.400820439012023,5.734704574630693,7.087958413194427,15,,
initial_vertical_structure_standard_vs_u30,standard,1.5,initial_meridional_temperature_gradient,700.0,7.6219306417139405,6.813768813268932,8.458140817613941,15,,
initial_vertical_structure_standard_vs_u30,standard,1.5,initial_meridional_temperature_gradient,850.0,8.373099444725085,7.454726475468002,9.325481223640962,15,,
initial_vertical_structure_standard_vs_u30,standard,1.5,initial_meridional_temperature_gradient,925.0,8.440050563270537,7.504144257381995,9.410207311096501,15,,
initial_vertical_structure_standard_vs_u30,standard,1.5,initial_meridional_temperature_gradient,975.0,8.42344628229815,7.486337789638735,9.396306619843623,15,,
initial_vertical_structure_standard_vs_u30,standard,1.5,initial_meridional_temperature_gradient,1000.0,8.40235822276251,7.4669738501143,9.373457593634761,15,,
initial_vertical_structure_standard_vs_u30,standard,2.0,initial_meridional_temperature_gradient,10.0,-0.45131377911881526,-0.49488460499939413,-0.40952259344824904,15,,
initial_vertical_structure_standard_vs_u30,standard,2.0,initial_meridional_temperature_gradient,50.0,-3.5352810906867185,-3.8831533288430364,-3.201694164545188,15,,
initial_vertical_structure_standard_vs_u30,standard,2.0,initial_meridional_temperature_gradient,100.0,-4.289298522053286,-4.719614282369851,-3.8794327213054207,15,,
initial_vertical_structure_standard_vs_u30,standard,2.0,initial_meridional_temperature_gradient,150.0,-3.2105141751041324,-3.5358059983536805,-2.900959385669921,15,,
initial_vertical_structure_standard_vs_u30,standard,2.0,initial_meridional_temperature_gradient,200.0,-1.5210356423267513,-1.6755123865171602,-1.3739736706005108,15,,
initial_vertical_structure_standard_vs_u30,standard,2.0,initial_meridional_temperature_gradient,250.0,0.2629487264963852,0.23679395629490804,0.29042286151081953,15,,
initial_vertical_structure_standard_vs_u30,standard,2.0,initial_meridional_temperature_gradient,300.0,1.9262742701660802,1.7382724107998608,2.1235654262833723,15,,
initial_vertical_structure_standard_vs_u30,standard,2.0,initial_meridional_temperature_gradient,400.0,4.637457474624777,4.18576408037552,5.111242055212036,15,,
initial_vertical_structure_standard_vs_u30,standard,2.0,initial_meridional_temperature_gradient,500.0,6.509533826222953,5.873877651841515,7.174774458841662,15,,
initial_vertical_structure_standard_vs_u30,standard,2.0,initial_meridional_temperature_gradient,600.0,7.672465835639741,6.918151739228051,8.462494232238289,15,,
initial_vertical_structure_standard_vs_u30,standard,2.0,initial_meridional_temperature_gradient,700.0,8.286390160113418,7.457220416805891,9.155171670348254,15,,
initial_vertical_structure_standard_vs_u30,standard,2.0,initial_meridional_temperature_gradient,850.0,8.522277009130145,7.637096841032568,9.457273434539577,15,,
initial_vertical_structure_standard_vs_u30,standard,2.0,initial_meridional_temperature_gradient,925.0,8.480488183219373,7.588501907775935,9.425835478396039,15,,
initial_vertical_structure_standard_vs_u30,standard,2.0,initial_meridional_temperature_gradient,975.0,8.434695397833517,7.5442914233766105,9.378299412977261,15,,
initial_vertical_structure_standard_vs_u30,standard,2.0,initial_meridional_temperature_gradient,1000.0,8.412839967301503,7.524491688855051,9.354128347543641,15,,
initial_vertical_structure_standard_vs_u30,u30,1.0,initial_meridional_temperature_gradient,10.0,0.0008570327669765732,0.0007401322676958699,0.0009849486395004565,15,,
initial_vertical_structure_standard_vs_u30,u30,1.0,initial_meridional_temperature_gradient,50.0,-0.03775079105613107,-0.04159635725346315,-0.03409989018265947,15,,
initial_vertical_structure_standard_vs_u30,u30,1.0,initial_meridional_temperature_gradient,100.0,-0.8803049884894184,-0.9701691609128223,-0.7960221572034245,15,,
initial_vertical_structure_standard_vs_u30,u30,1.0,initial_meridional_temperature_gradient,150.0,-3.1699644447750566,-3.4959661832090205,-2.86449062173233,15,,
initial_vertical_structure_standard_vs_u30,u30,1.0,initial_meridional_temperature_gradient,200.0,-5.956707263976568,-6.576482341339821,-5.375853627356265,15,,
initial_vertical_structure_standard_vs_u30,u30,1.0,initial_meridional_temperature_gradient,250.0,-8.028554384509334,-8.873885969933326,-7.237622417809083,15,,
initial_vertical_structure_standard_vs_u30,u30,1.0,initial_meridional_temperature_gradient,300.0,-8.710107188865853,-9.637287947346824,-7.842678319320839,15,,
initial_vertical_structure_standard_vs_u30,u30,1.0,initial_meridional_temperature_gradient,400.0,-5.847865516746727,-6.474980563477099,-5.260617683688906,15,,
initial_vertical_structure_standard_vs_u30,u30,1.0,initial_meridional_temperature_gradient,500.0,0.4398992283919749,0.38270185077256735,0.5027034788440687,15,,
initial_vertical_structure_standard_vs_u30,u30,1.0,initial_meridional_temperature_gradient,600.0,7.145532526919851,6.395335109724934,7.952571555354855,15,,
initial_vertical_structure_standard_vs_u30,u30,1.0,initial_meridional_temperature_gradient,700.0,12.476011397666298,11.173358743690187,13.875146729939539,15,,
initial_vertical_structure_standard_vs_u30,u30,1.0,initial_meridional_temperature_gradient,850.0,16.821032052879065,15.066683231452771,18.702514927705728,15,,
initial_vertical_structure_standard_vs_u30,u30,1.0,initial_meridional_temperature_gradient,925.0,17.548362848174293,15.72268498421181,19.497945287791175,15,,
initial_vertical_structure_standard_vs_u30,u30,1.0,initial_meridional_temperature_gradient,975.0,17.63022398032869,15.804206351882993,19.580526241043117,15,,
initial_vertical_structure_standard_vs_u30,u30,1.0,initial_meridional_temperature_gradient,1000.0,17.578912108244065,15.76143635096135,19.520519152441317,15,,
initial_vertical_structure_standard_vs_u30,u30,1.5,initial_meridional_temperature_gradient,10.0,-0.01660019049628166,-0.0182729477815613,-0.015068605626981464,15,,
initial_vertical_structure_standard_vs_u30,u30,1.5,initial_meridional_temperature_gradient,50.0,-1.6120919402358898,-1.776105209501111,-1.4615670750117717,15,,
initial_vertical_structure_standard_vs_u30,u30,1.5,initial_meridional_temperature_gradient,100.0,-4.475484456634149,-4.939280139145316,-4.0521518656078115,15,,
initial_vertical_structure_standard_vs_u30,u30,1.5,initial_meridional_temperature_gradient,150.0,-5.744566988141742,-6.3471057933384145,-5.194444938751985,15,,
initial_vertical_structure_standard_vs_u30,u30,1.5,initial_meridional_temperature_gradient,200.0,-5.3994599966245005,-5.970781352668079,-4.876783701774912,15,,
initial_vertical_structure_standard_vs_u30,u30,1.5,initial_meridional_temperature_gradient,250.0,-3.977322224576104,-4.400195262708924,-3.5901357754634473,15,,
initial_vertical_structure_standard_vs_u30,u30,1.5,initial_meridional_temperature_gradient,300.0,-1.9959105278151885,-2.20803330137187,-1.8022215234244263,15,,
initial_vertical_structure_standard_vs_u30,u30,1.5,initial_meridional_temperature_gradient,400.0,2.3231449025236848,2.0924209635116617,2.5754689933895247,15,,
initial_vertical_structure_standard_vs_u30,u30,1.5,initial_meridional_temperature_gradient,500.0,6.038670865867364,5.441454579795391,6.691380409999207,15,,
initial_vertical_structure_standard_vs_u30,u30,1.5,initial_meridional_temperature_gradient,600.0,8.71684129985321,7.852443933794954,9.662796515688871,15,,
initial_vertical_structure_standard_vs_u30,u30,1.5,initial_meridional_temperature_gradient,700.0,10.386955727881286,9.345970685596209,11.528589372270895,15,,
initial_vertical_structure_standard_vs_u30,u30,1.5,initial_meridional_temperature_gradient,850.0,11.43480634103374,10.261612807577572,12.71400931576257,15,,
initial_vertical_structure_standard_vs_u30,u30,1.5,initial_meridional_temperature_gradient,925.0,11.52956623021358,10.34288211637128,12.82500590453613,15,,
initial_vertical_structure_standard_vs_u30,u30,1.5,initial_meridional_temperature_gradient,975.0,11.500016383555097,10.316549247969911,12.792283274999741,15,,
initial_vertical_structure_standard_vs_u30,u30,1.5,initial_meridional_temperature_gradient,1000.0,11.467386472456079,10.288074555925656,12.755187908624064,15,,
initial_vertical_structure_standard_vs_u30,u30,2.0,initial_meridional_temperature_gradient,10.0,-0.45098699198812636,-0.49513972811610074,-0.4086742977449377,15,,
initial_vertical_structure_standard_vs_u30,u30,2.0,initial_meridional_temperature_gradient,50.0,-3.532679359826337,-3.8867056468916417,-3.1934906367799467,15,,
initial_vertical_structure_standard_vs_u30,u30,2.0,initial_meridional_temperature_gradient,100.0,-4.286064601425703,-4.724147690922109,-3.866615555807585,15,,
initial_vertical_structure_standard_vs_u30,u30,2.0,initial_meridional_temperature_gradient,150.0,-3.208063875111596,-3.5388908160408996,-2.891031421465111,15,,
initial_vertical_structure_standard_vs_u30,u30,2.0,initial_meridional_temperature_gradient,200.0,-1.5198711480479687,-1.6769766085644733,-1.3693347432308658,15,,
initial_vertical_structure_standard_vs_u30,u30,2.0,initial_meridional_temperature_gradient,250.0,0.26274353691254265,0.23591811142864572,0.2906319316290743,15,,
initial_vertical_structure_standard_vs_u30,u30,2.0,initial_meridional_temperature_gradient,300.0,1.9247874054902543,1.7325340943822691,2.1253793655281092,15,,
initial_vertical_structure_standard_vs_u30,u30,2.0,initial_meridional_temperature_gradient,400.0,4.633903199646738,4.1716468793614085,5.115281471338069,15,,
initial_vertical_structure_standard_vs_u30,u30,2.0,initial_meridional_temperature_gradient,500.0,6.504566560276241,5.854546313154666,7.180659495891935,15,,
initial_vertical_structure_standard_vs_u30,u30,2.0,initial_meridional_temperature_gradient,600.0,7.666612206473171,6.892809205207111,8.470180534914107,15,,
initial_vertical_structure_standard_vs_u30,u30,2.0,initial_meridional_temperature_gradient,700.0,8.280033004363455,7.428510862913147,9.159837981466504,15,,
initial_vertical_structure_standard_vs_u30,u30,2.0,initial_meridional_temperature_gradient,850.0,8.515633635397535,7.601989496682412,9.45978914993854,15,,
initial_vertical_structure_standard_vs_u30,u30,2.0,initial_meridional_temperature_gradient,925.0,8.473853934750272,7.554148223031613,9.422538361529101,15,,
initial_vertical_structure_standard_vs_u30,u30,2.0,initial_meridional_temperature_gradient,975.0,8.428093284843877,7.510860770404785,9.373713965032948,15,,
initial_vertical_structure_standard_vs_u30,u30,2.0,initial_meridional_temperature_gradient,1000.0,8.406231972912792,7.4915485932554775,9.349487773609628,15,,
initial_vertical_structure_standard_vs_u30,standard,1.0,initial_eady_growth_rate,10.0,0.004377307634179791,0.003957683999712268,0.004821335957385599,15,,
initial_vertical_structure_standard_vs_u30,standard,1.0,initial_eady_growth_rate,50.0,0.004926414120321473,0.004453038070738937,0.005429206669020156,15,,
initial_vertical_structure_standard_vs_u30,standard,1.0,initial_eady_growth_rate,100.0,0.038352529828747116,0.034593773158267144,0.0423721365040789,15,,
initial_vertical_structure_standard_vs_u30,standard,1.0,initial_eady_growth_rate,150.0,0.13232731024424235,0.11842348580559095,0.14731930423527956,15,,
initial_vertical_structure_standard_vs_u30,standard,1.0,initial_eady_growth_rate,200.0,0.24489186803499857,0.21841762607296308,0.2736491571118434,15,,
initial_vertical_structure_standard_vs_u30,standard,1.0,initial_eady_growth_rate,250.0,0.3042574256658554,0.27365512363612654,0.33708769361178076,15,,
initial_vertical_structure_standard_vs_u30,standard,1.0,initial_eady_growth_rate,300.0,0.29772356351216633,0.270701936930418,0.32614253302415214,15,,
initial_vertical_structure_standard_vs_u30,standard,1.0,initial_eady_growth_rate,400.0,0.16763446132342022,0.15445853600899379,0.18119752002259096,15,,
initial_vertical_structure_standard_vs_u30,standard,1.0,initial_eady_growth_rate,500.0,0.026487501710653304,0.024465863679846125,0.028493276343991358,15,,
initial_vertical_structure_standard_vs_u30,standard,1.0,initial_eady_growth_rate,600.0,0.22944275041421255,0.21186203161875408,0.24702719976504642,15,,
initial_vertical_structure_standard_vs_u30,standard,1.0,initial_eady_growth_rate,700.0,0.39455004334449767,0.3634126467506091,0.4264042703807354,15,,
initial_vertical_structure_standard_vs_u30,standard,1.0,initial_eady_growth_rate,850.0,0.5714440166950225,0.5210902324815591,0.6238192978501319,15,,
initial_vertical_structure_standard_vs_u30,standard,1.0,initial_eady_growth_rate,925.0,0.6408402005831401,0.5797058128813902,0.7053846739729246,15,,
initial_vertical_structure_standard_vs_u30,standard,1.0,initial_eady_growth_rate,975.0,0.6669152041276296,0.6000731424987317,0.7385795392592748,15,,
initial_vertical_structure_standard_vs_u30,standard,1.0,initial_eady_growth_rate,1000.0,0.6717845837275187,0.6026148591935635,0.7462101376553376,15,,
initial_vertical_structure_standard_vs_u30,standard,1.5,initial_eady_growth_rate,10.0,0.04433963087697824,0.04015881584957242,0.04880833966657519,15,,
initial_vertical_structure_standard_vs_u30,standard,1.5,initial_eady_growth_rate,50.0,0.0789440244436264,0.07135785750423869,0.08714412278185288,15,,
initial_vertical_structure_standard_vs_u30,standard,1.5,initial_eady_growth_rate,100.0,0.19339833954970043,0.17469218807915846,0.21375404395163058,15,,
initial_vertical_structure_standard_vs_u30,standard,1.5,initial_eady_growth_rate,150.0,0.29572409292062124,0.2681545150528351,0.3249420375128587,15,,
initial_vertical_structure_standard_vs_u30,standard,1.5,initial_eady_growth_rate,200.0,0.282427641749382,0.25847395151853564,0.30747765630483626,15,,
initial_vertical_structure_standard_vs_u30,standard,1.5,initial_eady_growth_rate,250.0,0.200001256664594,0.18375953058401745,0.21656241459151107,15,,
initial_vertical_structure_standard_vs_u30,standard,1.5,initial_eady_growth_rate,300.0,0.09366411964098613,0.08621915629754465,0.10111344517519076,15,,
initial_vertical_structure_standard_vs_u30,standard,1.5,initial_eady_growth_rate,400.0,0.1196663017074267,0.1102721667662263,0.128970385864377,15,,
initial_vertical_structure_standard_vs_u30,standard,1.5,initial_eady_growth_rate,500.0,0.2967637171347936,0.2731617311636607,0.3203809893131256,15,,
initial_vertical_structure_standard_vs_u30,standard,1.5,initial_eady_growth_rate,600.0,0.4321490029493968,0.3968148248891035,0.4686524942020575,15,,
initial_vertical_structure_standard_vs_u30,standard,1.5,initial_eady_growth_rate,700.0,0.5274431069691976,0.4810205873350302,0.5755502456923326,15,,
initial_vertical_structure_standard_vs_u30,standard,1.5,initial_eady_growth_rate,850.0,0.6246136466662089,0.5646744434038797,0.6887119263410567,15,,
initial_vertical_structure_standard_vs_u30,standard,1.5,initial_eady_growth_rate,925.0,0.6646043399969737,0.598001514474551,0.7363876076042651,15,,
initial_vertical_structure_standard_vs_u30,standard,1.5,initial_eady_growth_rate,975.0,0.6742709537347158,0.6055515685180823,0.7491602651278177,15,,
initial_vertical_structure_standard_vs_u30,standard,1.5,initial_eady_growth_rate,1000.0,0.6711644152800242,0.6024422519902388,0.746195696791013,15,,
initial_vertical_structure_standard_vs_u30,standard,2.0,initial_eady_growth_rate,10.0,0.006250940232227246,0.005645194731963178,0.006883203717103849,15,,
initial_vertical_structure_standard_vs_u30,standard,2.0,initial_eady_growth_rate,50.0,0.15841291844844818,0.14340282320976258,0.17407234147191047,15,,
initial_vertical_structure_standard_vs_u30,standard,2.0,initial_eady_growth_rate,100.0,0.22248153487841288,0.20207235023379325,0.2432904222855965,15,,
initial_vertical_structure_standard_vs_u30,standard,2.0,initial_eady_growth_rate,150.0,0.20580732425053913,0.18815893786648907,0.2232143354912599,15,,
initial_vertical_structure_standard_vs_u30,standard,2.0,initial_eady_growth_rate,200.0,0.10095581710338593,0.09281709561745326,0.10901526200274626,15,,
initial_vertical_structure_standard_vs_u30,standard,2.0,initial_eady_growth_rate,250.0,0.019969531521201133,0.018378560139487188,0.02154527532868087,15,,
initial_vertical_structure_standard_vs_u30,standard,2.0,initial_eady_growth_rate,300.0,0.13152394692103067,0.12103110266228516,0.14190714473525684,15,,
initial_vertical_structure_standard_vs_u30,standard,2.0,initial_eady_growth_rate,400.0,0.311671115954717,0.28618477744360765,0.3367487251758575,15,,
initial_vertical_structure_standard_vs_u30,standard,2.0,initial_eady_growth_rate,500.0,0.44042084415753685,0.4028770276904106,0.4776593898236752,15,,
initial_vertical_structure_standard_vs_u30,standard,2.0,initial_eady_growth_rate,600.0,0.5299854775269827,0.48248355234662693,0.5780796893934409,15,,
initial_vertical_structure_standard_vs_u30,standard,2.0,initial_eady_growth_rate,700.0,0.5891821881135305,0.5338532245655855,0.6460896729926268,15,,
initial_vertical_structure_standard_vs_u30,standard,2.0,initial_eady_growth_rate,850.0,0.6480451623598734,0.5823741961022217,0.7160853552818298,15,,
initial_vertical_structure_standard_vs_u30,standard,2.0,initial_eady_growth_rate,925.0,0.6746873378753662,0.604988173743089,0.7475343287984528,15,,
initial_vertical_structure_standard_vs_u30,standard,2.0,initial_eady_growth_rate,975.0,0.6776871224244435,0.6075155308842659,0.7516351956625779,15,,
initial_vertical_structure_standard_vs_u30,standard,2.0,initial_eady_growth_rate,1000.0,0.6717748622099559,0.6024766379594803,0.7448749219377835,15,,
initial_vertical_structure_standard_vs_u30,u30,1.0,initial_eady_growth_rate,10.0,0.008742301507542532,0.007911066360926877,0.009610394954215735,15,,
initial_vertical_structure_standard_vs_u30,u30,1.0,initial_eady_growth_rate,50.0,0.009860808247079451,0.00891212366366138,0.010852332501672208,15,,
initial_vertical_structure_standard_vs_u30,u30,1.0,initial_eady_growth_rate,100.0,0.07768160626292228,0.06983167281995217,0.08606175803268949,15,,
initial_vertical_structure_standard_vs_u30,u30,1.0,initial_eady_growth_rate,150.0,0.2835215002298355,0.24768878929316998,0.3241030599673589,15,,
initial_vertical_structure_standard_vs_u30,u30,1.0,initial_eady_growth_rate,200.0,0.5566085437933604,0.4691600519418716,0.6644217373430729,15,,
initial_vertical_structure_standard_vs_u30,u30,1.0,initial_eady_growth_rate,250.0,0.6295900106430053,0.5609633434315522,0.7047169881562392,15,,
initial_vertical_structure_standard_vs_u30,u30,1.0,initial_eady_growth_rate,300.0,0.5861578027407328,0.5347753481566906,0.6384992608428002,15,,
initial_vertical_structure_standard_vs_u30,u30,1.0,initial_eady_growth_rate,400.0,0.3334650923808416,0.3068406785776218,0.3601413793861865,15,,
initial_vertical_structure_standard_vs_u30,u30,1.0,initial_eady_growth_rate,500.0,0.05697492683927218,0.051463279556483034,0.06297120314712326,15,,
initial_vertical_structure_standard_vs_u30,u30,1.0,initial_eady_growth_rate,600.0,0.48673478960990907,0.44285828297336893,0.5333259923259418,15,,
initial_vertical_structure_standard_vs_u30,u30,1.0,initial_eady_growth_rate,700.0,0.7883664766947428,0.724111510515213,0.854279798567295,15,,
initial_vertical_structure_standard_vs_u30,u30,1.0,initial_eady_growth_rate,850.0,1.113611070315043,1.0230686644713083,1.2052584838867186,15,,
initial_vertical_structure_standard_vs_u30,u30,1.0,initial_eady_growth_rate,925.0,1.2859378695487975,1.1627231097221375,1.415143320163091,15,,
initial_vertical_structure_standard_vs_u30,u30,1.0,initial_eady_growth_rate,975.0,1.3934912204742431,1.2369532187779744,1.565509904026985,15,,
initial_vertical_structure_standard_vs_u30,u30,1.0,initial_eady_growth_rate,1000.0,1.448282531897227,1.2637447402874629,1.6584112328290939,15,,
initial_vertical_structure_standard_vs_u30,u30,1.5,initial_eady_growth_rate,10.0,0.059111407150824864,0.05355225140228868,0.0650290052841107,15,,
initial_vertical_structure_standard_vs_u30,u30,1.5,initial_eady_growth_rate,50.0,0.105563818415006,0.09540715894351402,0.11653333779424428,15,,
initial_vertical_structure_standard_vs_u30,u30,1.5,initial_eady_growth_rate,100.0,0.2590620746215185,0.2338928100466728,0.2865360353142023,15,,
initial_vertical_structure_standard_vs_u30,u30,1.5,initial_eady_growth_rate,150.0,0.3936345914999644,0.35741046607494353,0.4324320230384668,15,,
initial_vertical_structure_standard_vs_u30,u30,1.5,initial_eady_growth_rate,200.0,0.37294750809669497,0.34215194175640745,0.4052261832356453,15,,
initial_vertical_structure_standard_vs_u30,u30,1.5,initial_eady_growth_rate,250.0,0.26369360586007434,0.24355418545504412,0.2843711408227682,15,,
initial_vertical_structure_standard_vs_u30,u30,1.5,initial_eady_growth_rate,300.0,0.1236587459842364,0.1144088597719868,0.13286358941346404,15,,
initial_vertical_structure_standard_vs_u30,u30,1.5,initial_eady_growth_rate,400.0,0.15823252548774083,0.14639847822487354,0.16980752470592658,15,,
initial_vertical_structure_standard_vs_u30,u30,1.5,initial_eady_growth_rate,500.0,0.391534690062205,0.3623102467258771,0.420842171261708,15,,
initial_vertical_structure_standard_vs_u30,u30,1.5,initial_eady_growth_rate,600.0,0.5692534367243449,0.5244929573436579,0.6149097257355849,15,,
initial_vertical_structure_standard_vs_u30,u30,1.5,initial_eady_growth_rate,700.0,0.6962616125742594,0.6376707684000332,0.7582174037893613,15,,
initial_vertical_structure_standard_vs_u30,u30,1.5,initial_eady_growth_rate,850.0,0.8333938519159952,0.7537720098098118,0.9192136719822883,15,,
initial_vertical_structure_standard_vs_u30,u30,1.5,initial_eady_growth_rate,925.0,0.894801922639211,0.8034196486075719,0.994679536918799,15,,
initial_vertical_structure_standard_vs_u30,u30,1.5,initial_eady_growth_rate,975.0,0.9129984021186829,0.8164798849821091,1.0192929000655808,15,,
initial_vertical_structure_standard_vs_u30,u30,1.5,initial_eady_growth_rate,1000.0,0.9105602184931437,0.8131315086285273,1.0180974694093068,15,,
initial_vertical_structure_standard_vs_u30,u30,2.0,initial_eady_growth_rate,10.0,0.006244694317380587,0.005628715340668957,0.006866519676210979,15,,
initial_vertical_structure_standard_vs_u30,u30,2.0,initial_eady_growth_rate,50.0,0.1582991455992063,0.1430201009909312,0.1736076647291581,15,,
initial_vertical_structure_standard_vs_u30,u30,2.0,initial_eady_growth_rate,100.0,0.2223246932029724,0.2017183236281077,0.24274907035132248,15,,
initial_vertical_structure_standard_vs_u30,u30,2.0,initial_eady_growth_rate,150.0,0.20566540161768596,0.18822505282859006,0.22279650765160722,15,,
initial_vertical_structure_standard_vs_u30,u30,2.0,initial_eady_growth_rate,200.0,0.10088655054569244,0.09272259375701349,0.1088171566526095,15,,
initial_vertical_structure_standard_vs_u30,u30,2.0,initial_eady_growth_rate,250.0,0.019955928126970928,0.018361792576809723,0.02150695036786298,15,,
initial_vertical_structure_standard_vs_u30,u30,2.0,initial_eady_growth_rate,300.0,0.13143382122119268,0.12090801201760769,0.1416540936504801,15,,
initial_vertical_structure_standard_vs_u30,u30,2.0,initial_eady_growth_rate,400.0,0.31145728230476377,0.2859426153699557,0.33617593268553414,15,,
initial_vertical_structure_standard_vs_u30,u30,2.0,initial_eady_growth_rate,500.0,0.4401175836722056,0.402555510054032,0.47677917147676147,15,,
initial_vertical_structure_standard_vs_u30,u30,2.0,initial_eady_growth_rate,600.0,0.5296167771021525,0.48184640417496366,0.5764920759697755,15,,
initial_vertical_structure_standard_vs_u30,u30,2.0,initial_eady_growth_rate,700.0,0.5887657880783081,0.5324598250289758,0.6448212344447772,15,,
initial_vertical_structure_standard_vs_u30,u30,2.0,initial_eady_growth_rate,850.0,0.6475726028283437,0.5813147884607315,0.715189627011617,15,,
initial_vertical_structure_standard_vs_u30,u30,2.0,initial_eady_growth_rate,925.0,0.6741876939932505,0.6036581140259901,0.746766967823108,15,,
initial_vertical_structure_standard_vs_u30,u30,2.0,initial_eady_growth_rate,975.0,0.6771918574968974,0.6060340452194214,0.7501804559429487,15,,
initial_vertical_structure_standard_vs_u30,u30,2.0,initial_eady_growth_rate,1000.0,0.6712919851144155,0.6011138275265693,0.7433179359138011,15,,
eddy_flux_vertical_structure_standard_vs_u30,standard,1.0,eddy_heat_flux_vT,10.0,0.00017978987937870746,0.00011883264557885317,0.00025035377688861136,15,975.0,4.71128101348877
eddy_flux_vertical_structure_standard_vs_u30,standard,1.0,eddy_heat_flux_vT,50.0,0.0017534115458450591,0.0008617133959099495,0.0027934784329651545,15,975.0,4.71128101348877
eddy_flux_vertical_structure_standard_vs_u30,standard,1.0,eddy_heat_flux_vT,100.0,0.00464038068409233,0.0028420551283246218,0.0065926676340556396,15,975.0,4.71128101348877
eddy_flux_vertical_structure_standard_vs_u30,standard,1.0,eddy_heat_flux_vT,150.0,-0.018113338126568124,-0.033065036730937816,-0.005360756240309763,15,975.0,4.71128101348877
eddy_flux_vertical_structure_standard_vs_u30,standard,1.0,eddy_heat_flux_vT,200.0,-0.09253141195513308,-0.14553447390246826,-0.0439961652418909,15,975.0,4.71128101348877
eddy_flux_vertical_structure_standard_vs_u30,standard,1.0,eddy_heat_flux_vT,250.0,-0.1549216357447828,-0.2338625591265736,-0.07993499292080139,15,975.0,4.71128101348877
eddy_flux_vertical_structure_standard_vs_u30,standard,1.0,eddy_heat_flux_vT,300.0,-0.08348155400405327,-0.1431666203805556,-0.027101177248793372,15,975.0,4.71128101348877
eddy_flux_vertical_structure_standard_vs_u30,standard,1.0,eddy_heat_flux_vT,400.0,0.2779485781987508,0.2159502845009168,0.34286888904869556,15,975.0,4.71128101348877
eddy_flux_vertical_structure_standard_vs_u30,standard,1.0,eddy_heat_flux_vT,500.0,0.7724324524402618,0.5613344765206177,0.9927156035602093,15,975.0,4.71128101348877
eddy_flux_vertical_structure_standard_vs_u30,standard,1.0,eddy_heat_flux_vT,600.0,1.328577275077502,0.9472882243494194,1.7341074683517215,15,975.0,4.71128101348877
eddy_flux_vertical_structure_standard_vs_u30,standard,1.0,eddy_heat_flux_vT,700.0,1.8541055023670197,1.3270431887606782,2.4069011317690214,15,975.0,4.71128101348877
eddy_flux_vertical_structure_standard_vs_u30,standard,1.0,eddy_heat_flux_vT,850.0,3.5224836627642313,2.37507323483626,4.745306147535641,15,975.0,4.71128101348877
eddy_flux_vertical_structure_standard_vs_u30,standard,1.0,eddy_heat_flux_vT,925.0,4.5215942621231076,3.053470546603203,6.094472116827964,15,975.0,4.71128101348877
eddy_flux_vertical_structure_standard_vs_u30,standard,1.0,eddy_heat_flux_vT,975.0,4.71128101348877,3.250724942684174,6.274945029815036,15,975.0,4.71128101348877
eddy_flux_vertical_structure_standard_vs_u30,standard,1.0,eddy_heat_flux_vT,1000.0,4.674112141132355,3.24631651888291,6.200360436439514,15,975.0,4.71128101348877
eddy_flux_vertical_structure_standard_vs_u30,standard,1.5,eddy_heat_flux_vT,10.0,0.0005373473846702837,0.0003063536632544128,0.0008131238459827727,15,1000.0,9.491454911231994
eddy_flux_vertical_structure_standard_vs_u30,standard,1.5,eddy_heat_flux_vT,50.0,0.006352279355633072,0.004134584634593921,0.008584166142075746,15,1000.0,9.491454911231994
eddy_flux_vertical_structure_standard_vs_u30,standard,1.5,eddy_heat_flux_vT,100.0,-0.03950496266285578,-0.06775385417160577,-0.013987467186913516,15,1000.0,9.491454911231994
eddy_flux_vertical_structure_standard_vs_u30,standard,1.5,eddy_heat_flux_vT,150.0,-0.1882249202268819,-0.2640714709274471,-0.11321986684342862,15,1000.0,9.491454911231994
eddy_flux_vertical_structure_standard_vs_u30,standard,1.5,eddy_heat_flux_vT,200.0,-0.026658546769370635,-0.07172472909325733,0.014141444586372572,15,1000.0,9.491454911231994
eddy_flux_vertical_structure_standard_vs_u30,standard,1.5,eddy_heat_flux_vT,250.0,0.23078108181556065,0.18571260963877043,0.27389226261526345,15,1000.0,9.491454911231994
eddy_flux_vertical_structure_standard_vs_u30,standard,1.5,eddy_heat_flux_vT,300.0,0.5599617823958397,0.42644672298183045,0.68520655905207,15,1000.0,9.491454911231994
eddy_flux_vertical_structure_standard_vs_u30,standard,1.5,eddy_heat_flux_vT,400.0,1.3837243795394898,1.017867585370938,1.7345775364836056,15,1000.0,9.491454911231994
eddy_flux_vertical_structure_standard_vs_u30,standard,1.5,eddy_heat_flux_vT,500.0,2.264608824253082,1.660391047199567,2.8434706948200863,15,1000.0,9.491454911231994
eddy_flux_vertical_structure_standard_vs_u30,standard,1.5,eddy_heat_flux_vT,600.0,3.1470696210861204,2.339591758648554,3.9126162896553667,15,1000.0,9.491454911231994
eddy_flux_vertical_structure_standard_vs_u30,standard,1.5,eddy_heat_flux_vT,700.0,4.434164595603943,3.2453364922602974,5.613319157759348,15,1000.0,9.491454911231994
eddy_flux_vertical_structure_standard_vs_u30,standard,1.5,eddy_heat_flux_vT,850.0,7.648428201675415,5.473192929029464,9.82983658472697,15,1000.0,9.491454911231994
eddy_flux_vertical_structure_standard_vs_u30,standard,1.5,eddy_heat_flux_vT,925.0,9.020928549766541,6.514875091115633,11.542374219497043,15,1000.0,9.491454911231994
eddy_flux_vertical_structure_standard_vs_u30,standard,1.5,eddy_heat_flux_vT,975.0,9.410265334447224,6.841059017181396,12.009075686534244,15,1000.0,9.491454911231994
eddy_flux_vertical_structure_standard_vs_u30,standard,1.5,eddy_heat_flux_vT,1000.0,9.491454911231994,6.910926798780759,12.106978031396864,15,1000.0,9.491454911231994
eddy_flux_vertical_structure_standard_vs_u30,standard,2.0,eddy_heat_flux_vT,10.0,0.0013019047165774586,0.0007354325887899905,0.002035176592216885,15,1000.0,13.624136638641357
eddy_flux_vertical_structure_standard_vs_u30,standard,2.0,eddy_heat_flux_vT,50.0,0.08668882213532925,0.0632682521889607,0.11408111109708742,15,1000.0,13.624136638641357
eddy_flux_vertical_structure_standard_vs_u30,standard,2.0,eddy_heat_flux_vT,100.0,0.12689509764313697,0.07438399387523531,0.17463425459961093,15,1000.0,13.624136638641357
eddy_flux_vertical_structure_standard_vs_u30,standard,2.0,eddy_heat_flux_vT,150.0,0.20752980957428616,0.1579546499500672,0.2587958434596657,15,1000.0,13.624136638641357
eddy_flux_vertical_structure_standard_vs_u30,standard,2.0,eddy_heat_flux_vT,200.0,0.5782390246788661,0.428461859151721,0.732423807606101,15,1000.0,13.624136638641357
eddy_flux_vertical_structure_standard_vs_u30,standard,2.0,eddy_heat_flux_vT,250.0,1.0652885208527247,0.7807063405712446,1.3611053163558244,15,1000.0,13.624136638641357
eddy_flux_vertical_structure_standard_vs_u30,standard,2.0,eddy_heat_flux_vT,300.0,1.5891706307729085,1.1623074021935462,2.0401918823520337,15,1000.0,13.624136638641357
eddy_flux_vertical_structure_standard_vs_u30,standard,2.0,eddy_heat_flux_vT,400.0,2.654460197687149,1.959166659663121,3.385255003273487,15,1000.0,13.624136638641357
eddy_flux_vertical_structure_standard_vs_u30,standard,2.0,eddy_heat_flux_vT,500.0,3.7006713012854258,2.7949617520471417,4.628691728860139,15,1000.0,13.624136638641357
eddy_flux_vertical_structure_standard_vs_u30,standard,2.0,eddy_heat_flux_vT,600.0,5.067576889197031,3.8493058296044667,6.325415037373702,15,1000.0,13.624136638641357
eddy_flux_vertical_structure_standard_vs_u30,standard,2.0,eddy_heat_flux_vT,700.0,7.116523003578186,5.327847690383593,9.019642348885533,15,1000.0,13.624136638641357
eddy_flux_vertical_structure_standard_vs_u30,standard,2.0,eddy_heat_flux_vT,850.0,11.37093718846639,8.575239780346553,14.350295057694117,15,1000.0,13.624136638641357
eddy_flux_vertical_structure_standard_vs_u30,standard,2.0,eddy_heat_flux_vT,925.0,12.875052769978842,9.782030657927194,16.112317725817363,15,1000.0,13.624136638641357
eddy_flux_vertical_structure_standard_vs_u30,standard,2.0,eddy_heat_flux_vT,975.0,13.456556622187296,10.288302433888116,16.79046170393626,15,1000.0,13.624136638641357
eddy_flux_vertical_structure_standard_vs_u30,standard,2.0,eddy_heat_flux_vT,1000.0,13.624136638641357,10.383828626473745,17.07593757708867,15,1000.0,13.624136638641357
eddy_flux_vertical_structure_standard_vs_u30,u30,1.0,eddy_heat_flux_vT,10.0,0.010409106352987389,0.005195306000047519,0.016460588621606195,15,975.0,43.58949317932129
eddy_flux_vertical_structure_standard_vs_u30,u30,1.0,eddy_heat_flux_vT,50.0,0.2073116648476571,0.08216619472640256,0.3615262336889281,15,975.0,43.58949317932129
eddy_flux_vertical_structure_standard_vs_u30,u30,1.0,eddy_heat_flux_vT,100.0,0.26558707853158314,0.07442282797147831,0.47447340067165567,15,975.0,43.58949317932129
eddy_flux_vertical_structure_standard_vs_u30,u30,1.0,eddy_heat_flux_vT,150.0,-2.380757126646737,-4.1501724758169924,-0.961882849667845,15,975.0,43.58949317932129
eddy_flux_vertical_structure_standard_vs_u30,u30,1.0,eddy_heat_flux_vT,200.0,-4.878704432646433,-7.44397054841121,-2.715738676240048,15,975.0,43.58949317932129
eddy_flux_vertical_structure_standard_vs_u30,u30,1.0,eddy_heat_flux_vT,250.0,-5.301791319747766,-7.968567488801976,-3.0185054038961785,15,975.0,43.58949317932129
eddy_flux_vertical_structure_standard_vs_u30,u30,1.0,eddy_heat_flux_vT,300.0,-4.007766855756442,-6.5578892749796305,-1.8935557213425669,15,975.0,43.58949317932129
eddy_flux_vertical_structure_standard_vs_u30,u30,1.0,eddy_heat_flux_vT,400.0,1.9790416419506074,0.3098707855244478,3.606731023838122,15,975.0,43.58949317932129
eddy_flux_vertical_structure_standard_vs_u30,u30,1.0,eddy_heat_flux_vT,500.0,7.9963263352712,5.998906698624293,10.092340516646702,15,975.0,43.58949317932129
eddy_flux_vertical_structure_standard_vs_u30,u30,1.0,eddy_heat_flux_vT,600.0,14.067308902740479,10.338467752138774,18.234666819572446,15,975.0,43.58949317932129
eddy_flux_vertical_structure_standard_vs_u30,u30,1.0,eddy_heat_flux_vT,700.0,21.29782485961914,15.39500828186671,27.890490719477338,15,975.0,43.58949317932129
eddy_flux_vertical_structure_standard_vs_u30,u30,1.0,eddy_heat_flux_vT,850.0,34.74986902872721,24.943169980049134,45.5182292620341,15,975.0,43.58949317932129
eddy_flux_vertical_structure_standard_vs_u30,u30,1.0,eddy_heat_flux_vT,925.0,41.64976870218913,29.8794513352712,54.604198635419195,15,975.0,43.58949317932129
eddy_flux_vertical_structure_standard_vs_u30,u30,1.0,eddy_heat_flux_vT,975.0,43.58949317932129,31.329299783706666,57.296468591690044,15,975.0,43.58949317932129
eddy_flux_vertical_structure_standard_vs_u30,u30,1.0,eddy_heat_flux_vT,1000.0,40.08157326380412,27.657719065348306,53.965191784699755,15,975.0,43.58949317932129
eddy_flux_vertical_structure_standard_vs_u30,u30,1.5,eddy_heat_flux_vT,10.0,0.0043401638472763205,0.0018237077319645323,0.007629626716467707,15,975.0,25.508365948994953
eddy_flux_vertical_structure_standard_vs_u30,u30,1.5,eddy_heat_flux_vT,50.0,0.05117968424844245,0.03407974778441712,0.07001637479562,15,975.0,25.508365948994953
eddy_flux_vertical_structure_standard_vs_u30,u30,1.5,eddy_heat_flux_vT,100.0,-0.46525197606533764,-0.8314616366118813,-0.17892564272352818,15,975.0,25.508365948994953
eddy_flux_vertical_structure_standard_vs_u30,u30,1.5,eddy_heat_flux_vT,150.0,-1.4050671814009548,-2.0236705034598708,-0.8715932122152301,15,975.0,25.508365948994953
eddy_flux_vertical_structure_standard_vs_u30,u30,1.5,eddy_heat_flux_vT,200.0,-0.4298901731769244,-0.792074842552344,-0.1374680233374239,15,975.0,25.508365948994953
eddy_flux_vertical_structure_standard_vs_u30,u30,1.5,eddy_heat_flux_vT,250.0,1.0582624912261962,0.8298160528143247,1.3154403629899023,15,975.0,25.508365948994953
eddy_flux_vertical_structure_standard_vs_u30,u30,1.5,eddy_heat_flux_vT,300.0,2.6954958200454713,2.055754209359487,3.337679375410078,15,975.0,25.508365948994953
eddy_flux_vertical_structure_standard_vs_u30,u30,1.5,eddy_heat_flux_vT,400.0,5.793583599726359,4.349017344315847,7.233847892681757,15,975.0,25.508365948994953
eddy_flux_vertical_structure_standard_vs_u30,u30,1.5,eddy_heat_flux_vT,500.0,7.976232179005941,6.17557407061259,9.76817679087321,15,975.0,25.508365948994953
eddy_flux_vertical_structure_standard_vs_u30,u30,1.5,eddy_heat_flux_vT,600.0,9.94478244781494,7.831090099811554,12.02555513858795,15,975.0,25.508365948994953
eddy_flux_vertical_structure_standard_vs_u30,u30,1.5,eddy_heat_flux_vT,700.0,13.270677455266316,10.386982192198436,16.137082397540407,15,975.0,25.508365948994953
eddy_flux_vertical_structure_standard_vs_u30,u30,1.5,eddy_heat_flux_vT,850.0,21.17136313120524,16.594215531349185,25.714873472849526,15,975.0,25.508365948994953
eddy_flux_vertical_structure_standard_vs_u30,u30,1.5,eddy_heat_flux_vT,925.0,24.99244441986084,19.72944657802582,30.2308909924825,15,975.0,25.508365948994953
eddy_flux_vertical_structure_standard_vs_u30,u30,1.5,eddy_heat_flux_vT,975.0,25.508365948994953,20.316836365063985,30.687417373657222,15,975.0,25.508365948994953
eddy_flux_vertical_structure_standard_vs_u30,u30,1.5,eddy_heat_flux_vT,1000.0,24.533498191833495,19.48858442147573,29.745371988614394,15,975.0,25.508365948994953
eddy_flux_vertical_structure_standard_vs_u30,u30,2.0,eddy_heat_flux_vT,10.0,0.0013039520039455966,0.0007657612782107512,0.001953637089706414,15,1000.0,13.54606229464213
eddy_flux_vertical_structure_standard_vs_u30,u30,2.0,eddy_heat_flux_vT,50.0,0.08560138406852881,0.06075292492906253,0.11282014152655997,15,1000.0,13.54606229464213
eddy_flux_vertical_structure_standard_vs_u30,u30,2.0,eddy_heat_flux_vT,100.0,0.12895520900686583,0.07953679253657658,0.17588897498945394,15,1000.0,13.54606229464213
eddy_flux_vertical_structure_standard_vs_u30,u30,2.0,eddy_heat_flux_vT,150.0,0.2062326192855835,0.1556322443361084,0.25724541147549945,15,1000.0,13.54606229464213
eddy_flux_vertical_structure_standard_vs_u30,u30,2.0,eddy_heat_flux_vT,200.0,0.5691455597678821,0.41396965997914476,0.7149834425126512,15,1000.0,13.54606229464213
eddy_flux_vertical_structure_standard_vs_u30,u30,2.0,eddy_heat_flux_vT,250.0,1.0488428607583047,0.7512417786195874,1.3273925092816352,15,1000.0,13.54606229464213
eddy_flux_vertical_structure_standard_vs_u30,u30,2.0,eddy_heat_flux_vT,300.0,1.5657285541296004,1.120548870836695,1.987414286683003,15,1000.0,13.54606229464213
eddy_flux_vertical_structure_standard_vs_u30,u30,2.0,eddy_heat_flux_vT,400.0,2.6234305083751677,1.8878771415849527,3.311363966266314,15,1000.0,13.54606229464213
eddy_flux_vertical_structure_standard_vs_u30,u30,2.0,eddy_heat_flux_vT,500.0,3.6682705104351045,2.7076959386467934,4.555569181839625,15,1000.0,13.54606229464213
eddy_flux_vertical_structure_standard_vs_u30,u30,2.0,eddy_heat_flux_vT,600.0,5.0278915921847025,3.7455676199992496,6.233020518223444,15,1000.0,13.54606229464213
eddy_flux_vertical_structure_standard_vs_u30,u30,2.0,eddy_heat_flux_vT,700.0,7.074729784329732,5.17429836153984,8.910368311007817,15,1000.0,13.54606229464213
eddy_flux_vertical_structure_standard_vs_u30,u30,2.0,eddy_heat_flux_vT,850.0,11.321775015195211,8.327691770792008,14.243929021159804,15,1000.0,13.54606229464213
eddy_flux_vertical_structure_standard_vs_u30,u30,2.0,eddy_heat_flux_vT,925.0,12.817328627904256,9.52053314526876,16.035832846164706,15,1000.0,13.54606229464213
eddy_flux_vertical_structure_standard_vs_u30,u30,2.0,eddy_heat_flux_vT,975.0,13.388342475891113,9.985375113487244,16.703387540976205,15,1000.0,13.54606229464213
eddy_flux_vertical_structure_standard_vs_u30,u30,2.0,eddy_heat_flux_vT,1000.0,13.54606229464213,10.07519725839297,16.977275502284368,15,1000.0,13.54606229464213
eddy_flux_vertical_structure_standard_vs_u30,standard,1.0,baroclinic_conversion_proxy,10.0,6.509696996942829e-08,2.0482508630127e-08,1.1728167579222763e-07,15,975.0,4.794477711887642
eddy_flux_vertical_structure_standard_vs_u30,standard,1.0,baroclinic_conversion_proxy,50.0,-7.538963858570724e-06,-1.4701528929786031e-05,-2.0099162757313747e-06,15,975.0,4.794477711887642
eddy_flux_vertical_structure_standard_vs_u30,standard,1.0,baroclinic_conversion_proxy,100.0,-0.0002854035627738079,-0.00041537681902288165,-0.00016243556353346777,15,975.0,4.794477711887642
eddy_flux_vertical_structure_standard_vs_u30,standard,1.0,baroclinic_conversion_proxy,150.0,0.004064703062256365,0.0012212243565935955,0.007566283257203004,15,975.0,4.794477711887642
eddy_flux_vertical_structure_standard_vs_u30,standard,1.0,baroclinic_conversion_proxy,200.0,0.0377674628752415,0.01725087514621119,0.06066005647484273,15,975.0,4.794477711887642
eddy_flux_vertical_structure_standard_vs_u30,standard,1.0,baroclinic_conversion_proxy,250.0,0.0830929304059443,0.04158788146872242,0.12866540769255566,15,975.0,4.794477711887642
eddy_flux_vertical_structure_standard_vs_u30,standard,1.0,baroclinic_conversion_proxy,300.0,0.048354543054074384,0.016256787367533814,0.08400576183239153,15,975.0,4.794477711887642
eddy_flux_vertical_structure_standard_vs_u30,standard,1.0,baroclinic_conversion_proxy,400.0,-0.10738100655771632,-0.13534453356574735,-0.07978822788601293,15,975.0,4.794477711887642
eddy_flux_vertical_structure_standard_vs_u30,standard,1.0,baroclinic_conversion_proxy,500.0,0.007362703395112173,0.0045445604799354555,0.011030137275843305,15,975.0,4.794477711887642
eddy_flux_vertical_structure_standard_vs_u30,standard,1.0,baroclinic_conversion_proxy,600.0,0.5702833349611561,0.38082267071596715,0.7606010052256799,15,975.0,4.794477711887642
eddy_flux_vertical_structure_standard_vs_u30,standard,1.0,baroclinic_conversion_proxy,700.0,1.3801263715625585,0.930389045455134,1.8409104443435333,15,975.0,4.794477711887642
eddy_flux_vertical_structure_standard_vs_u30,standard,1.0,baroclinic_conversion_proxy,850.0,3.538508017300046,2.2263383489189437,4.957939108408026,15,975.0,4.794477711887642
eddy_flux_vertical_structure_standard_vs_u30,standard,1.0,baroclinic_conversion_proxy,925.0,4.666671084123664,2.917761711917895,6.563034839018654,15,975.0,4.794477711887642
eddy_flux_vertical_structure_standard_vs_u30,standard,1.0,baroclinic_conversion_proxy,975.0,4.794477711887642,3.039060798831391,6.698693276424212,15,975.0,4.794477711887642
eddy_flux_vertical_structure_standard_vs_u30,standard,1.0,baroclinic_conversion_proxy,1000.0,4.669687787099974,2.9689753191632917,6.524549519629847,15,975.0,4.794477711887642
eddy_flux_vertical_structure_standard_vs_u30,standard,1.5,baroclinic_conversion_proxy,10.0,-6.882038351581796e-07,-1.3952600846893114e-06,-1.707356250006071e-07,15,975.0,8.944134503205229
eddy_flux_vertical_structure_standard_vs_u30,standard,1.5,baroclinic_conversion_proxy,50.0,-0.0009630603905093812,-0.0013646261405042548,-0.000567911347402565,15,975.0,8.944134503205229
eddy_flux_vertical_structure_standard_vs_u30,standard,1.5,baroclinic_conversion_proxy,100.0,0.01939983568159202,0.007013726276946149,0.03399644458390582,15,975.0,8.944134503205229
eddy_flux_vertical_structure_standard_vs_u30,standard,1.5,baroclinic_conversion_proxy,150.0,0.104619138638166,0.05829908088135956,0.15202567821267127,15,975.0,8.944134503205229
eddy_flux_vertical_structure_standard_vs_u30,standard,1.5,baroclinic_conversion_proxy,200.0,0.014117556865755887,-0.0070041043714515645,0.03815004812057764,15,975.0,8.944134503205229
eddy_flux_vertical_structure_standard_vs_u30,standard,1.5,baroclinic_conversion_proxy,250.0,-0.0899859177631394,-0.10903648455951043,-0.07035372650913511,15,975.0,8.944134503205229
eddy_flux_vertical_structure_standard_vs_u30,standard,1.5,baroclinic_conversion_proxy,300.0,-0.11497018893654361,-0.145523694413896,-0.08238035570684592,15,975.0,8.944134503205229
eddy_flux_vertical_structure_standard_vs_u30,standard,1.5,baroclinic_conversion_proxy,400.0,0.2812691404111926,0.19794058628500957,0.3618512751586419,15,975.0,8.944134503205229
eddy_flux_vertical_structure_standard_vs_u30,standard,1.5,baroclinic_conversion_proxy,500.0,1.2375948009927622,0.8628935556581988,1.6066149267241294,15,975.0,8.944134503205229
eddy_flux_vertical_structure_standard_vs_u30,standard,1.5,baroclinic_conversion_proxy,600.0,2.427494079408158,1.7139562482952897,3.1227431419059326,15,975.0,8.944134503205229
eddy_flux_vertical_structure_standard_vs_u30,standard,1.5,baroclinic_conversion_proxy,700.0,4.007235102108098,2.744509444482901,5.294729240783151,15,975.0,8.944134503205229
eddy_flux_vertical_structure_standard_vs_u30,standard,1.5,baroclinic_conversion_proxy,850.0,7.534382045074987,4.991861738138444,10.158979272091525,15,975.0,8.944134503205229
eddy_flux_vertical_structure_standard_vs_u30,standard,1.5,baroclinic_conversion_proxy,925.0,8.752642728116674,5.799554019783196,11.78578596591251,15,975.0,8.944134503205229
eddy_flux_vertical_structure_standard_vs_u30,standard,1.5,baroclinic_conversion_proxy,975.0,8.944134503205229,5.92870193077033,12.039632350479218,15,975.0,8.944134503205229
eddy_flux_vertical_structure_standard_vs_u30,standard,1.5,baroclinic_conversion_proxy,1000.0,8.84741233069993,5.812786126928889,12.05582546693525,15,975.0,8.944134503205229
eddy_flux_vertical_structure_standard_vs_u30,standard,2.0,baroclinic_conversion_proxy,10.0,-7.342728110722636e-05,-0.0001223064231674805,-3.695025769962873e-05,15,975.0,12.224738675286062
eddy_flux_vertical_structure_standard_vs_u30,standard,2.0,baroclinic_conversion_proxy,50.0,-0.0358163585190141,-0.04731146229038548,-0.025399456758871494,15,975.0,12.224738675286062
eddy_flux_vertical_structure_standard_vs_u30,standard,2.0,baroclinic_conversion_proxy,100.0,-0.061255224750311754,-0.08710995791716414,-0.02977538228776672,15,975.0,12.224738675286062
eddy_flux_vertical_structure_standard_vs_u30,standard,2.0,baroclinic_conversion_proxy,150.0,-0.08921435972789975,-0.11191631269961515,-0.06591264266120334,15,975.0,12.224738675286062
eddy_flux_vertical_structure_standard_vs_u30,standard,2.0,baroclinic_conversion_proxy,200.0,-0.12176382957325889,-0.15872861634610066,-0.0852833157504544,15,975.0,12.224738675286062
eddy_flux_vertical_structure_standard_vs_u30,standard,2.0,baroclinic_conversion_proxy,250.0,0.023323837983942514,0.017084629513182865,0.0300086251971976,15,975.0,12.224738675286062
eddy_flux_vertical_structure_standard_vs_u30,standard,2.0,baroclinic_conversion_proxy,300.0,0.3756150065707213,0.26116158469354406,0.49585076930706373,15,975.0,12.224738675286062
eddy_flux_vertical_structure_standard_vs_u30,standard,2.0,baroclinic_conversion_proxy,400.0,1.5282003634335222,1.0616583068099317,2.0223450390706907,15,975.0,12.224738675286062
eddy_flux_vertical_structure_standard_vs_u30,standard,2.0,baroclinic_conversion_proxy,500.0,2.9063960513061224,2.0764196906384313,3.7626011145827456,15,975.0,12.224738675286062
eddy_flux_vertical_structure_standard_vs_u30,standard,2.0,baroclinic_conversion_proxy,600.0,4.534852835907562,3.2403513284104215,5.893874184039305,15,975.0,12.224738675286062
eddy_flux_vertical_structure_standard_vs_u30,standard,2.0,baroclinic_conversion_proxy,700.0,6.7529356025867555,4.709807556613062,8.945989040436565,15,975.0,12.224738675286062
eddy_flux_vertical_structure_standard_vs_u30,standard,2.0,baroclinic_conversion_proxy,850.0,10.906355534340642,7.5401043706430455,14.55084851310554,15,975.0,12.224738675286062
eddy_flux_vertical_structure_standard_vs_u30,standard,2.0,baroclinic_conversion_proxy,925.0,11.95619857753627,8.261712201298602,15.909123040425278,15,975.0,12.224738675286062
eddy_flux_vertical_structure_standard_vs_u30,standard,2.0,baroclinic_conversion_proxy,975.0,12.224738675286062,8.387764633880579,16.363751908405295,15,975.0,12.224738675286062
eddy_flux_vertical_structure_standard_vs_u30,standard,2.0,baroclinic_conversion_proxy,1000.0,12.14133753819624,8.234693856441785,16.43447910979982,15,975.0,12.224738675286062
eddy_flux_vertical_structure_standard_vs_u30,u30,1.0,baroclinic_conversion_proxy,10.0,1.9004582348652644e-05,-2.379739982276751e-05,6.879788148151987e-05,15,975.0,77.53350383912523
eddy_flux_vertical_structure_standard_vs_u30,u30,1.0,baroclinic_conversion_proxy,50.0,-0.010667652549922746,-0.026231480686798637,0.0002979812660045912,15,975.0,77.53350383912523
eddy_flux_vertical_structure_standard_vs_u30,u30,1.0,baroclinic_conversion_proxy,100.0,-0.016671618530139654,-0.05380832906250651,0.03198584506917492,15,975.0,77.53350383912523
eddy_flux_vertical_structure_standard_vs_u30,u30,1.0,baroclinic_conversion_proxy,150.0,1.1408908847935588,0.38484339936909845,2.0661764111575076,15,975.0,77.53350383912523
eddy_flux_vertical_structure_standard_vs_u30,u30,1.0,baroclinic_conversion_proxy,200.0,3.4513583002156643,1.827534928011687,5.393594602499736,15,975.0,77.53350383912523
eddy_flux_vertical_structure_standard_vs_u30,u30,1.0,baroclinic_conversion_proxy,250.0,4.650755547193815,2.633572293547104,7.039234539358099,15,975.0,77.53350383912523
eddy_flux_vertical_structure_standard_vs_u30,u30,1.0,baroclinic_conversion_proxy,300.0,3.8156034194495683,1.801050655482565,6.264285050671484,15,975.0,77.53350383912523
eddy_flux_vertical_structure_standard_vs_u30,u30,1.0,baroclinic_conversion_proxy,400.0,-1.391715510787132,-2.518161722491641,-0.25829859729735,15,975.0,77.53350383912523
eddy_flux_vertical_structure_standard_vs_u30,u30,1.0,baroclinic_conversion_proxy,500.0,-0.5844361826727132,-0.9387023913139576,-0.3000870704331268,15,975.0,77.53350383912523
eddy_flux_vertical_structure_standard_vs_u30,u30,1.0,baroclinic_conversion_proxy,600.0,8.494415972866895,6.105150951346634,11.057024429950005,15,975.0,77.53350383912523
eddy_flux_vertical_structure_standard_vs_u30,u30,1.0,baroclinic_conversion_proxy,700.0,24.02729985381787,16.738330999942264,31.840265855862512,15,975.0,77.53350383912523
eddy_flux_vertical_structure_standard_vs_u30,u30,1.0,baroclinic_conversion_proxy,850.0,58.062837924808264,39.26635790655079,78.65194499997111,15,975.0,77.53350383912523
eddy_flux_vertical_structure_standard_vs_u30,u30,1.0,baroclinic_conversion_proxy,925.0,76.13175412795196,50.467181853794806,104.74408940838957,15,975.0,77.53350383912523
eddy_flux_vertical_structure_standard_vs_u30,u30,1.0,baroclinic_conversion_proxy,975.0,77.53350383912523,50.93758031822897,107.27257462470637,15,975.0,77.53350383912523
eddy_flux_vertical_structure_standard_vs_u30,u30,1.0,baroclinic_conversion_proxy,1000.0,61.68916695363199,38.52495748287765,88.54353789016992,15,975.0,77.53350383912523
eddy_flux_vertical_structure_standard_vs_u30,u30,1.5,baroclinic_conversion_proxy,10.0,-7.9708616206635e-06,-2.2214570346411305e-05,-2.1951070378978603e-07,15,925.0,30.201323534129187
eddy_flux_vertical_structure_standard_vs_u30,u30,1.5,baroclinic_conversion_proxy,50.0,-0.009761019003443986,-0.013677629020492077,-0.006216533859237929,15,925.0,30.201323534129187
eddy_flux_vertical_structure_standard_vs_u30,u30,1.5,baroclinic_conversion_proxy,100.0,0.30529592860280746,0.11567977265336538,0.5773610359914488,15,925.0,30.201323534129187
eddy_flux_vertical_structure_standard_vs_u30,u30,1.5,baroclinic_conversion_proxy,150.0,1.0283860892457142,0.5963666054829749,1.5923125492823447,15,925.0,30.201323534129187
eddy_flux_vertical_structure_standard_vs_u30,u30,1.5,baroclinic_conversion_proxy,200.0,0.3238302682007088,0.0927823844847353,0.6462110103958214,15,925.0,30.201323534129187
eddy_flux_vertical_structure_standard_vs_u30,u30,1.5,baroclinic_conversion_proxy,250.0,-0.5261272697983562,-0.6795231040162737,-0.3903471306330176,15,925.0,30.201323534129187
eddy_flux_vertical_structure_standard_vs_u30,u30,1.5,baroclinic_conversion_proxy,300.0,-0.7624201202816039,-0.9969581459472465,-0.5480597625554162,15,925.0,30.201323534129187
eddy_flux_vertical_structure_standard_vs_u30,u30,1.5,baroclinic_conversion_proxy,400.0,1.3095524400341674,0.9619245419116851,1.6915655645561853,15,925.0,30.201323534129187
eddy_flux_vertical_structure_standard_vs_u30,u30,1.5,baroclinic_conversion_proxy,500.0,5.076464185549412,3.787436414010396,6.469641720589911,15,925.0,30.201323534129187
eddy_flux_vertical_structure_standard_vs_u30,u30,1.5,baroclinic_conversion_proxy,600.0,8.895986175048165,6.731293818423485,11.205861877291074,15,925.0,30.201323534129187
eddy_flux_vertical_structure_standard_vs_u30,u30,1.5,baroclinic_conversion_proxy,700.0,14.063414613095423,10.392973751246851,18.05937970008623,15,925.0,30.201323534129187
eddy_flux_vertical_structure_standard_vs_u30,u30,1.5,baroclinic_conversion_proxy,850.0,25.425831214912858,18.550324080327602,33.05878470200696,15,925.0,30.201323534129187
eddy_flux_vertical_structure_standard_vs_u30,u30,1.5,baroclinic_conversion_proxy,925.0,30.201323534129187,21.695553922957817,39.62105859197131,15,925.0,30.201323534129187
eddy_flux_vertical_structure_standard_vs_u30,u30,1.5,baroclinic_conversion_proxy,975.0,29.61018391943071,21.29928583296229,39.299596855319884,15,925.0,30.201323534129187
eddy_flux_vertical_structure_standard_vs_u30,u30,1.5,baroclinic_conversion_proxy,1000.0,26.97510305248822,18.93269658224502,36.60334402350902,15,925.0,30.201323534129187
eddy_flux_vertical_structure_standard_vs_u30,u30,2.0,baroclinic_conversion_proxy,10.0,-7.311752594589087e-05,-0.0001146454174591934,-3.9184689633089055e-05,15,975.0,12.169254199155452
eddy_flux_vertical_structure_standard_vs_u30,u30,2.0,baroclinic_conversion_proxy,50.0,-0.035339737536332905,-0.046955225621777195,-0.025110807984655523,15,975.0,12.169254199155452
eddy_flux_vertical_structure_standard_vs_u30,u30,2.0,baroclinic_conversion_proxy,100.0,-0.06297186994667452,-0.08783013356132112,-0.03525457663518713,15,975.0,12.169254199155452
eddy_flux_vertical_structure_standard_vs_u30,u30,2.0,baroclinic_conversion_proxy,150.0,-0.08873238807420118,-0.11165471858021192,-0.0667580092148512,15,975.0,12.169254199155452
eddy_flux_vertical_structure_standard_vs_u30,u30,2.0,baroclinic_conversion_proxy,200.0,-0.11936165857188523,-0.1533892919063362,-0.08521930579282376,15,975.0,12.169254199155452
eddy_flux_vertical_structure_standard_vs_u30,u30,2.0,baroclinic_conversion_proxy,250.0,0.023578805551001853,0.017258117763615154,0.0303652796379931,15,975.0,12.169254199155452
eddy_flux_vertical_structure_standard_vs_u30,u30,2.0,baroclinic_conversion_proxy,300.0,0.3704942211394761,0.2627924763771716,0.4817070220042296,15,975.0,12.169254199155452
eddy_flux_vertical_structure_standard_vs_u30,u30,2.0,baroclinic_conversion_proxy,400.0,1.5097128137616285,1.069607763421724,1.961961160986902,15,975.0,12.169254199155452
eddy_flux_vertical_structure_standard_vs_u30,u30,2.0,baroclinic_conversion_proxy,500.0,2.879848378446089,2.0814362416103904,3.6909788425039856,15,975.0,12.169254199155452
eddy_flux_vertical_structure_standard_vs_u30,u30,2.0,baroclinic_conversion_proxy,600.0,4.4984567709131325,3.2583865361933326,5.775167268135797,15,975.0,12.169254199155452
eddy_flux_vertical_structure_standard_vs_u30,u30,2.0,baroclinic_conversion_proxy,700.0,6.714253513564472,4.74659935495462,8.80400324808761,15,975.0,12.169254199155452
eddy_flux_vertical_structure_standard_vs_u30,u30,2.0,baroclinic_conversion_proxy,850.0,10.864609369794684,7.579670014213964,14.333480504016425,15,975.0,12.169254199155452
eddy_flux_vertical_structure_standard_vs_u30,u30,2.0,baroclinic_conversion_proxy,925.0,11.908298608129067,8.329360125268675,15.700496462462366,15,975.0,12.169254199155452
eddy_flux_vertical_structure_standard_vs_u30,u30,2.0,baroclinic_conversion_proxy,975.0,12.169254199155452,8.478472908791446,16.156738585171592,15,975.0,12.169254199155452
eddy_flux_vertical_structure_standard_vs_u30,u30,2.0,baroclinic_conversion_proxy,1000.0,12.079304506187327,8.331820561579661,16.22852019863785,15,975.0,12.169254199155452
eddy_flux_vertical_structure_standard_vs_u30,standard,1.0,ep_flux_vertical,10.0,-1.799918528397878e-06,-2.522281375726064e-06,-1.1912651668985685e-06,15,1000.0,-4.393779870833333
eddy_flux_vertical_structure_standard_vs_u30,standard,1.0,ep_flux_vertical,50.0,-2.2600450658798213e-05,-3.583784025828043e-05,-1.1373458176056546e-05,15,1000.0,-4.393779870833333
eddy_flux_vertical_structure_standard_vs_u30,standard,1.0,ep_flux_vertical,100.0,-0.00026167732257843015,-0.00038252875617186225,-0.00015908254229068754,15,1000.0,-4.393779870833333
eddy_flux_vertical_structure_standard_vs_u30,standard,1.0,ep_flux_vertical,150.0,0.003442301923116048,0.0010307458212661744,0.006449162147064206,15,1000.0,-4.393779870833333
eddy_flux_vertical_structure_standard_vs_u30,standard,1.0,ep_flux_vertical,200.0,0.030737734407043454,0.014257550573857625,0.050116070079015085,15,1000.0,-4.393779870833333
eddy_flux_vertical_structure_standard_vs_u30,standard,1.0,ep_flux_vertical,250.0,0.055367469551340726,0.02874065745016098,0.08542006539719264,15,1000.0,-4.393779870833333
eddy_flux_vertical_structure_standard_vs_u30,standard,1.0,ep_flux_vertical,300.0,0.02969689012858073,0.010229365046793622,0.051519308463541656,15,1000.0,-4.393779870833333
eddy_flux_vertical_structure_standard_vs_u30,standard,1.0,ep_flux_vertical,400.0,-0.09792715989583332,-0.12078953189453123,-0.07734022728515627,15,1000.0,-4.393779870833333
eddy_flux_vertical_structure_standard_vs_u30,standard,1.0,ep_flux_vertical,500.0,-0.29819293541666664,-0.37313966885416666,-0.22858229312500003,15,1000.0,-4.393779870833333
eddy_flux_vertical_structure_standard_vs_u30,standard,1.0,ep_flux_vertical,600.0,-0.6065431739583335,-0.770073070625,-0.4546812232552084,15,1000.0,-4.393779870833333
eddy_flux_vertical_structure_standard_vs_u30,standard,1.0,ep_flux_vertical,700.0,-1.0219440333333334,-1.2943819662499998,-0.7695825344270834,15,1000.0,-4.393779870833333
eddy_flux_vertical_structure_standard_vs_u30,standard,1.0,ep_flux_vertical,850.0,-2.4598598958333326,-3.219333407916666,-1.7615806839583343,15,1000.0,-4.393779870833333
eddy_flux_vertical_structure_standard_vs_u30,standard,1.0,ep_flux_vertical,925.0,-3.5389414541666664,-4.63510185125,-2.5346135380208348,15,1000.0,-4.393779870833333
eddy_flux_vertical_structure_standard_vs_u30,standard,1.0,ep_flux_vertical,975.0,-4.086955079166667,-5.333005985729167,-2.940146485833335,15,1000.0,-4.393779870833333
eddy_flux_vertical_structure_standard_vs_u30,standard,1.0,ep_flux_vertical,1000.0,-4.393779870833333,-5.7997561428125,-3.1039154009375007,15,1000.0,-4.393779870833333
eddy_flux_vertical_structure_standard_vs_u30,standard,1.5,ep_flux_vertical,10.0,-5.377858281135559e-06,-8.184718213280042e-06,-3.1614466778437314e-06,15,1000.0,-8.435400125
eddy_flux_vertical_structure_standard_vs_u30,standard,1.5,ep_flux_vertical,50.0,-8.439840269088743e-05,-0.00011389527050336201,-5.631230514526369e-05,15,1000.0,-8.435400125
eddy_flux_vertical_structure_standard_vs_u30,standard,1.5,ep_flux_vertical,100.0,0.0023350936350504553,0.0009126149248758951,0.00398411476257324,15,1000.0,-8.435400125
eddy_flux_vertical_structure_standard_vs_u30,standard,1.5,ep_flux_vertical,150.0,0.030509793473307283,0.018950119369710285,0.04230271910644531,15,1000.0,-8.435400125
eddy_flux_vertical_structure_standard_vs_u30,standard,1.5,ep_flux_vertical,200.0,0.00597422207438151,-0.0037733356316121416,0.016434748122558573,15,1000.0,-8.435400125
eddy_flux_vertical_structure_standard_vs_u30,standard,1.5,ep_flux_vertical,250.0,-0.057049505859374995,-0.06914203252604166,-0.045494275690104204,15,1000.0,-8.435400125
eddy_flux_vertical_structure_standard_vs_u30,standard,1.5,ep_flux_vertical,300.0,-0.15273440598958335,-0.18296644012369787,-0.12229343197916664,15,1000.0,-8.435400125
eddy_flux_vertical_structure_standard_vs_u30,standard,1.5,ep_flux_vertical,400.0,-0.4685216515625,-0.5692692266666666,-0.3652075863671876,15,1000.0,-8.435400125
eddy_flux_vertical_structure_standard_vs_u30,standard,1.5,ep_flux_vertical,500.0,-0.9748540989583332,-1.1928881975520835,-0.7535330597916668,15,1000.0,-8.435400125
eddy_flux_vertical_structure_standard_vs_u30,standard,1.5,ep_flux_vertical,600.0,-1.7079022541666666,-2.08152499875,-1.3257584405208336,15,1000.0,-8.435400125
eddy_flux_vertical_structure_standard_vs_u30,standard,1.5,ep_flux_vertical,700.0,-2.844725289583333,-3.5092561445833335,-2.1676587811979164,15,1000.0,-8.435400125
eddy_flux_vertical_structure_standard_vs_u30,standard,1.5,ep_flux_vertical,850.0,-5.661882433333333,-7.045902433958333,-4.279999849583334,15,1000.0,-8.435400125
eddy_flux_vertical_structure_standard_vs_u30,standard,1.5,ep_flux_vertical,925.0,-7.0772215833333325,-8.733248621666668,-5.4050795533333345,15,1000.0,-8.435400125
eddy_flux_vertical_structure_standard_vs_u30,standard,1.5,ep_flux_vertical,975.0,-7.919299499999999,-9.740736059583334,-6.060816145416666,15,1000.0,-8.435400125
eddy_flux_vertical_structure_standard_vs_u30,standard,1.5,ep_flux_vertical,1000.0,-8.435400125,-10.458265468749998,-6.408189997708334,15,1000.0,-8.435400125
eddy_flux_vertical_structure_standard_vs_u30,standard,2.0,ep_flux_vertical,10.0,-1.33062402009964e-05,-2.070493905266126e-05,-7.6000368668635685e-06,15,1000.0,-11.822173083333332
eddy_flux_vertical_structure_standard_vs_u30,standard,2.0,ep_flux_vertical,50.0,-0.0012187251302083336,-0.0015992264272562662,-0.0008774445236206053,15,1000.0,-11.822173083333332
eddy_flux_vertical_structure_standard_vs_u30,standard,2.0,ep_flux_vertical,100.0,-0.007520430957031249,-0.01015042994018555,-0.004762233694661459,15,1000.0,-11.822173083333332
eddy_flux_vertical_structure_standard_vs_u30,standard,2.0,ep_flux_vertical,150.0,-0.029625358463541664,-0.03702212071289061,-0.022637778317057294,15,1000.0,-11.822173083333332
eddy_flux_vertical_structure_standard_vs_u30,standard,2.0,ep_flux_vertical,200.0,-0.11607740989583333,-0.14358671252604166,-0.08815390196614584,15,1000.0,-11.822173083333332
eddy_flux_vertical_structure_standard_vs_u30,standard,2.0,ep_flux_vertical,250.0,-0.25370172734374996,-0.3144925444791667,-0.19192277965494794,15,1000.0,-11.822173083333332
eddy_flux_vertical_structure_standard_vs_u30,standard,2.0,ep_flux_vertical,300.0,-0.44109165130208333,-0.5475948303255208,-0.3338391561783855,15,1000.0,-11.822173083333332
eddy_flux_vertical_structure_standard_vs_u30,standard,2.0,ep_flux_vertical,400.0,-0.9796885890624999,-1.2151463796484372,-0.744771590950521,15,1000.0,-11.822173083333332
eddy_flux_vertical_structure_standard_vs_u30,standard,2.0,ep_flux_vertical,500.0,-1.8004350416666663,-2.224163662916667,-1.3792466265624996,15,1000.0,-11.822173083333332
eddy_flux_vertical_structure_standard_vs_u30,standard,2.0,ep_flux_vertical,600.0,-3.0653973937499996,-3.77709518859375,-2.362891231770833,15,1000.0,-11.822173083333332
eddy_flux_vertical_structure_standard_vs_u30,standard,2.0,ep_flux_vertical,700.0,-4.92299115,-6.0994878408333335,-3.769728675625,15,1000.0,-11.822173083333332
eddy_flux_vertical_structure_standard_vs_u30,standard,2.0,ep_flux_vertical,850.0,-8.506783958333333,-10.453298415625,-6.603505305,15,1000.0,-11.822173083333332
eddy_flux_vertical_structure_standard_vs_u30,standard,2.0,ep_flux_vertical,925.0,-10.045989241666664,-12.26240330833333,-7.8751704377083325,15,1000.0,-11.822173083333332
eddy_flux_vertical_structure_standard_vs_u30,standard,2.0,ep_flux_vertical,975.0,-11.151198666666666,-13.616245022499998,-8.75709458416667,15,1000.0,-11.822173083333332
eddy_flux_vertical_structure_standard_vs_u30,standard,2.0,ep_flux_vertical,1000.0,-11.822173083333332,-14.484431391666668,-9.242559327500002,15,1000.0,-11.822173083333332
eddy_flux_vertical_structure_standard_vs_u30,u30,1.0,ep_flux_vertical,10.0,-0.0001038295635700226,-0.00016471393205006918,-5.1180911682446815e-05,15,1000.0,-23.482871999999997
eddy_flux_vertical_structure_standard_vs_u30,u30,1.0,ep_flux_vertical,50.0,-0.002756627418518066,-0.004763607382717132,-0.0010884010124270129,15,1000.0,-23.482871999999997
eddy_flux_vertical_structure_standard_vs_u30,u30,1.0,ep_flux_vertical,100.0,-0.015768048742675782,-0.029240191700134272,-0.004133619019877118,15,1000.0,-23.482871999999997
eddy_flux_vertical_structure_standard_vs_u30,u30,1.0,ep_flux_vertical,150.0,0.567837395605469,0.2083028971183268,0.9977011502315266,15,1000.0,-23.482871999999997
eddy_flux_vertical_structure_standard_vs_u30,u30,1.0,ep_flux_vertical,200.0,1.6732896203124998,0.9292425769205729,2.5031348102929676,15,1000.0,-23.482871999999997
eddy_flux_vertical_structure_standard_vs_u30,u30,1.0,ep_flux_vertical,250.0,1.7190182216145833,0.9981326326822915,2.532690101985676,15,1000.0,-23.482871999999997
eddy_flux_vertical_structure_standard_vs_u30,u30,1.0,ep_flux_vertical,300.0,1.1985434501302084,0.5933119137565105,1.9098022803124997,15,1000.0,-23.482871999999997
eddy_flux_vertical_structure_standard_vs_u30,u30,1.0,ep_flux_vertical,400.0,-0.8522879921875002,-1.4723570576822913,-0.2592263350000006,15,1000.0,-23.482871999999997
eddy_flux_vertical_structure_standard_vs_u30,u30,1.0,ep_flux_vertical,500.0,-3.7284664749999994,-4.921349961874999,-2.7136394879166668,15,1000.0,-23.482871999999997
eddy_flux_vertical_structure_standard_vs_u30,u30,1.0,ep_flux_vertical,600.0,-7.367304041666666,-9.37913038770833,-5.576827431458334,15,1000.0,-23.482871999999997
eddy_flux_vertical_structure_standard_vs_u30,u30,1.0,ep_flux_vertical,700.0,-10.242911616666667,-12.818033378333332,-7.873989201666669,15,1000.0,-23.482871999999997
eddy_flux_vertical_structure_standard_vs_u30,u30,1.0,ep_flux_vertical,850.0,-12.557340133333332,-15.132229149999999,-10.020521500833338,15,1000.0,-23.482871999999997
eddy_flux_vertical_structure_standard_vs_u30,u30,1.0,ep_flux_vertical,925.0,-12.259684099999998,-14.584464867499996,-9.942449083333333,15,1000.0,-23.482871999999997
eddy_flux_vertical_structure_standard_vs_u30,u30,1.0,ep_flux_vertical,975.0,-13.460835366666666,-16.251549076666667,-10.746364309166667,15,1000.0,-23.482871999999997
eddy_flux_vertical_structure_standard_vs_u30,u30,1.0,ep_flux_vertical,1000.0,-23.482871999999997,-31.35809944666666,-16.121625522500004,15,1000.0,-23.482871999999997
eddy_flux_vertical_structure_standard_vs_u30,u30,1.5,ep_flux_vertical,10.0,-4.4062378565470386e-05,-7.811044860363007e-05,-1.868635786692303e-05,15,1000.0,-16.160758766666667
eddy_flux_vertical_structure_standard_vs_u30,u30,1.5,ep_flux_vertical,50.0,-0.0006905753936767578,-0.0009468068025207519,-0.0004560902120717369,15,1000.0,-16.160758766666667
eddy_flux_vertical_structure_standard_vs_u30,u30,1.5,ep_flux_vertical,100.0,0.02814731448567709,0.010817007962036133,0.05090556993326824,15,1000.0,-16.160758766666667
eddy_flux_vertical_structure_standard_vs_u30,u30,1.5,ep_flux_vertical,150.0,0.22221934505208335,0.14149397780598957,0.3144680985904948,15,1000.0,-16.160758766666667
eddy_flux_vertical_structure_standard_vs_u30,u30,1.5,ep_flux_vertical,200.0,0.08364839225260418,0.02679929149576823,0.14801784076009095,15,1000.0,-16.160758766666667
eddy_flux_vertical_structure_standard_vs_u30,u30,1.5,ep_flux_vertical,250.0,-0.2657294380208333,-0.3228149058984375,-0.21197554542968747,15,1000.0,-16.160758766666667
eddy_flux_vertical_structure_standard_vs_u30,u30,1.5,ep_flux_vertical,300.0,-0.7448499427083334,-0.905788860625,-0.5873502662239584,15,1000.0,-16.160758766666667
eddy_flux_vertical_structure_standard_vs_u30,u30,1.5,ep_flux_vertical,400.0,-2.06733173125,-2.5216272893229164,-1.6035824843229167,15,1000.0,-16.160758766666667
eddy_flux_vertical_structure_standard_vs_u30,u30,1.5,ep_flux_vertical,500.0,-3.693218008333333,-4.452826072083333,-2.904202161458334,15,1000.0,-16.160758766666667
eddy_flux_vertical_structure_standard_vs_u30,u30,1.5,ep_flux_vertical,600.0,-5.556629458333333,-6.589410990416666,-4.459351071666667,15,1000.0,-16.160758766666667
eddy_flux_vertical_structure_standard_vs_u30,u30,1.5,ep_flux_vertical,700.0,-8.012716616666667,-9.433716404166665,-6.475451088333336,15,1000.0,-16.160758766666667
eddy_flux_vertical_structure_standard_vs_u30,u30,1.5,ep_flux_vertical,850.0,-12.019956616666665,-13.828344839583336,-10.029232027916667,15,1000.0,-16.160758766666667
eddy_flux_vertical_structure_standard_vs_u30,u30,1.5,ep_flux_vertical,925.0,-13.2562676,-15.034002752500001,-11.314272339999997,15,1000.0,-16.160758766666667
eddy_flux_vertical_structure_standard_vs_u30,u30,1.5,ep_flux_vertical,975.0,-14.255636033333333,-16.033634605833335,-12.261454020000004,15,1000.0,-16.160758766666667
eddy_flux_vertical_structure_standard_vs_u30,u30,1.5,ep_flux_vertical,1000.0,-16.160758766666667,-18.404105139166667,-13.62328871166667,15,1000.0,-16.160758766666667
eddy_flux_vertical_structure_standard_vs_u30,u30,2.0,ep_flux_vertical,10.0,-1.3320210897922515e-05,-1.950145617584387e-05,-8.096077431341016e-06,15,1000.0,-11.80532605
eddy_flux_vertical_structure_standard_vs_u30,u30,2.0,ep_flux_vertical,50.0,-0.0012030996826171874,-0.0015712720410664877,-0.0008659589868672688,15,1000.0,-11.80532605
eddy_flux_vertical_structure_standard_vs_u30,u30,2.0,ep_flux_vertical,100.0,-0.0076052857421875005,-0.010120945987548827,-0.004939886732584635,15,1000.0,-11.80532605
eddy_flux_vertical_structure_standard_vs_u30,u30,2.0,ep_flux_vertical,150.0,-0.02938881315104166,-0.03659538537760417,-0.022349779643554692,15,1000.0,-11.80532605
eddy_flux_vertical_structure_standard_vs_u30,u30,2.0,ep_flux_vertical,200.0,-0.11439083763020831,-0.14139133773111978,-0.08699211901041667,15,1000.0,-11.80532605
eddy_flux_vertical_structure_standard_vs_u30,u30,2.0,ep_flux_vertical,250.0,-0.25015596822916664,-0.3106660729817709,-0.1896702794661458,15,1000.0,-11.80532605
eddy_flux_vertical_structure_standard_vs_u30,u30,2.0,ep_flux_vertical,300.0,-0.43521030338541666,-0.539689512545573,-0.32926838905598954,15,1000.0,-11.80532605
eddy_flux_vertical_structure_standard_vs_u30,u30,2.0,ep_flux_vertical,400.0,-0.9687702213541667,-1.1987751726953124,-0.7353786142578127,15,1000.0,-11.80532605
eddy_flux_vertical_structure_standard_vs_u30,u30,2.0,ep_flux_vertical,500.0,-1.7846987739583329,-2.1976908866927083,-1.3693592627083337,15,1000.0,-11.80532605
eddy_flux_vertical_structure_standard_vs_u30,u30,2.0,ep_flux_vertical,600.0,-3.0425896000000003,-3.741188630416666,-2.3482459920833336,15,1000.0,-11.80532605
eddy_flux_vertical_structure_standard_vs_u30,u30,2.0,ep_flux_vertical,700.0,-4.899904420833334,-6.079598330416668,-3.742455275104167,15,1000.0,-11.80532605
eddy_flux_vertical_structure_standard_vs_u30,u30,2.0,ep_flux_vertical,850.0,-8.492556316666667,-10.441167882916666,-6.578070985833335,15,1000.0,-11.80532605
eddy_flux_vertical_structure_standard_vs_u30,u30,2.0,ep_flux_vertical,925.0,-10.039129983333336,-12.266659220000003,-7.875014723333334,15,1000.0,-11.80532605
eddy_flux_vertical_structure_standard_vs_u30,u30,2.0,ep_flux_vertical,975.0,-11.143927583333333,-13.585161042083334,-8.741688719583339,15,1000.0,-11.80532605
eddy_flux_vertical_structure_standard_vs_u30,u30,2.0,ep_flux_vertical,1000.0,-11.80532605,-14.465710539999998,-9.207579493749998,15,1000.0,-11.80532605
